# document	source	ast	diagnostics	symbols	folds
01-emphasis-10.crv	30b8aa92efc67d28	3f6c5b47185112a7	0	0	0
01-emphasis-11.crv	1dedabae37bcee1e	4fb7799d948262a4	0	0	0
01-emphasis-12.crv	5fc13df917f73ac9	7a1cb078a061e1e3	0	0	0
01-emphasis-13.crv	ac3cd350e0923ef3	4324b8d0f7019257	0	0	0
01-emphasis-14.crv	0f9585dc35a51686	8696a420f7f38f8d	0	0	0
01-emphasis-15.crv	f6d31e2af82a7f3d	ed4937db41955035	0	0	0
01-emphasis-2.crv	5870e7c98043d175	b8fbfe8464c38929	0	0	0
01-emphasis-3.crv	a2272c1b389029f0	bc57a550028c7f05	0	0	0
01-emphasis-4.crv	c63b9081fc554379	793ff027c65a71e7	0	0	0
01-emphasis-5.crv	8274794ab8d5eee5	53334f12b1b48566	0	0	0
01-emphasis-6.crv	2e03a0e73617d13d	6af7e253a17d4591	0	0	0
01-emphasis-7.crv	82d957895ecedca3	cbb748a6b6e435b8	0	0	0
01-emphasis-8.crv	ef5262b0ea848c0f	6ce154a6cee805ed	0	0	0
01-emphasis-9.crv	ce8ab0a13ac100ba	76ce5909c3c89583	0	0	0
01-emphasis.crv	7b64dd8d5ba38c23	4cb722d1c2a555fa	0	0	0
02-headings-2.crv	0136adb6e0de2c6d	00c3601bfa6b77b9	0	1	6
02-headings-3.crv	5be0732cbf48102b	aeb36a5d054ca9ed	0	1	1
02-headings-4.crv	7b7a4cbeb045a481	ee48c150b4b7e093	0	1	1
02-headings-5.crv	84cd77ac904a08b3	ff03b4f38595b116	0	0	0
02-headings-6.crv	22cd6916eed813ab	13d18c47d09fe925	0	1	2
02-headings.crv	4e98d6d1b124a11b	0171985f5fe95a78	0	1	3
03-links-10.crv	d27858fb54003db4	f975f62dbb6fcd08	0	0	0
03-links-11.crv	9a550477b85bf865	4de8ba4d6856254d	0	0	0
03-links-12.crv	e71ccbf471502472	b6cf14d22c760282	0	0	0
03-links-13.crv	e574da2b1f16432d	1f8fe679a75cd9d6	0	1	1
03-links-2.crv	2b42488b759e9e57	924be51fe3388edc	0	0	0
03-links-3.crv	8079a4e20ee853a7	0d1917c50525bcb8	0	0	0
03-links-4.crv	590a6805ed38ab59	95fc31e4e8e8467b	0	0	0
03-links-5.crv	9331a1eaf44df226	39940fd7d998eb53	0	0	0
03-links-6.crv	61202b465caebb05	10bdc1d85bab352f	0	0	0
03-links-7.crv	b57ff7e8e7494c8b	e167992c223fbe09	0	0	0
03-links-8.crv	0c661d60e8a7cc4c	ab8c8dc06e0121a7	0	0	0
03-links-9.crv	79314402bf660828	c1785bd84b3b373f	0	0	0
03-links.crv	725ef2d1c1cb606f	90953052185da0bc	0	0	0
04-images.crv	1c933f89a83a1dd5	9cbf4f0933efb5e8	0	0	0
05-lists-10.crv	d468d3ad074fe798	4be1d647a51b8134	1	0	0
05-lists-11.crv	a9eee40bec465f8d	69c7b7511b2799ef	1	0	1
05-lists-12.crv	ac508ffd89331362	4dc7374a50449a38	0	0	1
05-lists-13.crv	0a2f200b128579fd	44aff8cbe6fbee16	0	0	0
05-lists-14.crv	9926e76399b1fc91	058d633a7a4c3e9a	0	0	1
05-lists-15.crv	0204d4ab1dfd2384	f595276165b7327d	0	0	1
05-lists-16.crv	910517625cd7a99f	75e009cf89144ec3	0	0	0
05-lists-17.crv	e3d39bf733297c3c	96ef4f8facf1fcfe	0	0	0
05-lists-18.crv	610bd3d8608343f3	39bf69c558be0064	0	0	0
05-lists-19.crv	eec4c3dcb968d8d2	5a4d2b2bb3e1139d	0	0	1
05-lists-2.crv	a328765390b99d5b	0201720d9e016f5b	0	0	0
05-lists-20.crv	622bd81a65b47aad	42a2bc67d492f8ee	0	0	1
05-lists-21.crv	c31b02e394799bde	c884680ccadbc0eb	0	0	1
05-lists-22.crv	2276fb42124a152b	b833edb8a187e84f	0	0	1
05-lists-23.crv	108dd03257f47a6d	a3e13d6575034c51	0	0	0
05-lists-24.crv	7e6441ab48f918da	f85cfac0aede0967	0	0	1
05-lists-25.crv	9f3acc4e576b48a5	c63754c41feb0914	0	0	1
05-lists-26.crv	53292e61ddb87966	28c3cbe74f5590c1	0	0	1
05-lists-27.crv	32b7a6bae6e23eca	2e656d4cb9e6f475	0	0	1
05-lists-28.crv	8e893883bca92ef9	487ac73638de9491	0	0	2
05-lists-3.crv	1acaae1228b31c70	22daa4c3c2954f6b	0	0	0
05-lists-4.crv	a37e3a44442eff71	6c09c444392a11db	0	0	1
05-lists-5.crv	12e7468aaa0c801c	3aa6977fc1ea82b7	0	0	1
05-lists-6.crv	6803cd3401253eaf	756c99e52df1b29f	0	0	1
05-lists-7.crv	97cd66eb45796f4e	976334f55eab57ba	0	0	1
05-lists-8.crv	89e500f5a9690345	82aa2e199b0bc5cf	0	0	1
05-lists-9.crv	a4eb548dfee5c40f	749502f5acbd31f3	0	0	1
05-lists.crv	1dcd13f787c26308	dd4cca02d1e52035	0	0	1
06-task-lists-2.crv	82f30d8c861992f7	71076e54cfc1ad5c	0	0	1
06-task-lists.crv	f6b1e242c13e4786	2def1cd9f6923f99	0	0	1
07-blockquote-with-attribution.crv	b103943eec43ccdb	4bb679e8da2a87ee	0	0	1
08-image-with-caption-2.crv	ea0fbe6f583c2f05	42b3cb5b9b094a79	0	0	1
08-image-with-caption-3.crv	07a09e058a8b1a10	cc7b8c9a318307fc	0	0	1
08-image-with-caption.crv	3e3bbec249243dc8	36c113886fee1ef6	0	0	1
09-tables-2.crv	c65a6daeba1a7d0b	d34cc0ed9abd1c4b	0	0	1
09-tables-3.crv	b8f1baaf6a858adf	2da2f2142d684789	0	0	1
09-tables-4.crv	864714405bfdc105	012990144ffe7be9	0	0	1
09-tables-5.crv	c17c25af4ac3d7e4	5368103f4ffa96bd	0	0	1
09-tables-6.crv	8d21f2d166e3345c	1665e3fdb78dca80	0	0	1
09-tables-7.crv	380b37cc97306469	bd4eb286c723ae57	0	0	1
09-tables-8.crv	a33d23e3bb97ea3c	491ef5e258719c89	0	0	1
09-tables.crv	4046398713d22dd7	7786c19984550ce4	0	0	1
10-tables-with-rowspan-and-colspan.crv	889a201b69344115	d5891073570d872f	0	0	1
100-table-row-attributes.crv	ac263747937ea910	1707f6fa4290600f	0	0	1
101-table-header-cell-rowspan.crv	2f66025f538e54c4	92e99fd8f6d89607	0	0	1
102-block-quote-continuation-marker-2.crv	015c44e4e2449d0f	edafcd70f13f1249	0	0	1
102-block-quote-continuation-marker.crv	a5f84fe29a23cfc8	58945cb026670c0b	0	0	1
103-heading-marker-column-zero-2.crv	f4b69703deb16b6e	f7582d8632be5ca1	0	0	0
103-heading-marker-column-zero.crv	290a05951d58852c	deeac4b4bbf1913a	0	0	0
104-paragraph-trailing-whitespace.crv	af0d6ecfa5441095	7bef267ff8a46b32	0	0	0
105-marker-line-nested-lists-2.crv	60c77e15f7349aed	8ca15c3b36c26dbe	0	0	1
105-marker-line-nested-lists-3.crv	f5a131cb7a1b41f8	65c20342120b54e0	0	0	1
105-marker-line-nested-lists-4.crv	78795f561db8bb79	329ef9d0f1ac50ff	0	0	0
105-marker-line-nested-lists.crv	45c35680b1b225dc	32d19d2b1beb07a7	0	0	1
106-blocked-span-marker-renders-as-empty-cell.crv	8ff315ba3e8b8dfe	6e0367af5083d7cf	0	0	1
107-colspan-marker-scans-left-past-a-consumed-cell.crv	cfcd55244f2d6a20	e090e87f7b1abd1f	0	0	1
108-security-hardening-10.crv	82cb8ffe29da6cfb	030c0713f8ca2129	0	0	0
108-security-hardening-11.crv	67d473cf5d9d278c	adf8ecd2e6d0133c	0	0	0
108-security-hardening-2.crv	e989086e2dd9050d	3e383a4f173a8505	0	0	0
108-security-hardening-3.crv	d29e1756b1b21c85	4899d0ec3712853b	0	0	0
108-security-hardening-4.crv	3e1ec0f914f912c3	0714e4ee0e54907e	0	0	0
108-security-hardening-5.crv	48ae9f7b3042463c	c877b024a60f341f	0	0	0
108-security-hardening-6.crv	e0aba301aa1bda7e	f3068f74dc09bf48	0	0	0
108-security-hardening-7.crv	7640ecbcda5b2d8a	8c4c48353addcbd7	0	0	0
108-security-hardening-8.crv	1627d9cf66ef933d	80fd6075f352327f	0	0	0
108-security-hardening-9.crv	6423de422442c6ad	0a1b5eaa1a630d6c	0	0	0
108-security-hardening.crv	b4f040c289a04d65	3b26007a77a4afd6	0	0	0
109-link-destination-parentheses-balance-2.crv	2395a5382c7d4ba0	290f8e35c699f88c	0	0	0
109-link-destination-parentheses-balance-3.crv	3f6a3bffec6283ec	0c8e33b406e82d36	0	0	0
109-link-destination-parentheses-balance-4.crv	6141e04bd16af89d	7d1ad59b0a78ce86	0	0	0
109-link-destination-parentheses-balance.crv	8235ac2f0a06ab2e	6bbf1f8a551b78ee	0	0	0
11-fenced-code-10.crv	223a9b2296327bdb	2166d0cc83ac8c53	0	0	1
11-fenced-code-11.crv	28554eabd3255049	95f5faa23fe57d9f	1	0	0
11-fenced-code-12.crv	155383229a14474d	0b6155d2c2584536	1	0	0
11-fenced-code-13.crv	d477a670d571b04a	fc6f36fc6019322f	0	0	1
11-fenced-code-14.crv	e4bfdced800b2bf9	1dadc311735d07f0	0	0	1
11-fenced-code-15.crv	de62a779dd62b4f9	1f3d821da7283422	0	0	1
11-fenced-code-16.crv	61e412a4335961c1	ac62ebf02ffaa9bd	2	0	0
11-fenced-code-17.crv	242df29a24b19f1e	3ab50cc0744f94ba	0	0	1
11-fenced-code-2.crv	3df0c6d70d2af637	17465faaf3516e40	0	0	1
11-fenced-code-3.crv	bd219f5a01fc3b60	72dda596f000d75e	0	0	1
11-fenced-code-4.crv	6bc9084c9e6bdd32	16acc28951ccd048	0	0	1
11-fenced-code-5.crv	24df406503a3848a	07c1eed68b4fe801	0	0	1
11-fenced-code-6.crv	53565af659988689	1ff17358f84096f3	0	0	1
11-fenced-code-7.crv	aea9fb74f9cbccb1	899c455263b4a026	0	0	1
11-fenced-code-8.crv	6c2e62417fcd8d04	9eb45407d63fe879	0	0	1
11-fenced-code-9.crv	d49c0e51775fb483	d8157f50dd06f0db	0	0	1
11-fenced-code.crv	ce423a04a6ddd7f2	105983909226386f	0	0	1
110-empty-link-and-image-titles-are-preserved.crv	1f52ed52760e8e6d	4c98b30aafc26189	0	0	0
111-cross-references-resolve-inside-footnote-bodies.crv	b258a7dbe791ad9a	ceb2dc248a4fcfd9	0	1	1
112-unquoted-attribute-values-may-contain-dots-and-colons.crv	9ab5d02b220a884e	25faa7b2ac8b87d5	0	0	0
113-a-pipe-pair-with-no-cell-is-not-a-table.crv	deacaa5b9b9c56aa	455abf8883e62b7e	0	0	0
114-adjacent-attribute-blocks-on-one-line-merge.crv	6c89ce8cd6cbcec8	312e3108cbc2a597	0	1	1
115-a-continuation-row-needs-a-body-row.crv	133cbf3c802e33b8	3caf47ba5ed69801	1	0	1
116-fence-opener-with-a-nested-list-body-inside-a-list-item-2.crv	be1289380e7b509e	16851833c6a1c7e9	0	0	1
116-fence-opener-with-a-nested-list-body-inside-a-list-item-3.crv	2151bbfd8131420c	76e01217fd989f2e	0	0	1
116-fence-opener-with-a-nested-list-body-inside-a-list-item-4.crv	f225065e2330557a	f6163f4ad06171ee	0	0	1
116-fence-opener-with-a-nested-list-body-inside-a-list-item-5.crv	1a5c0f10ca56dc34	f9616dc904f7be73	1	0	1
116-fence-opener-with-a-nested-list-body-inside-a-list-item-6.crv	3362e8ead06ed77a	d4566ea3045d964d	2	0	1
116-fence-opener-with-a-nested-list-body-inside-a-list-item-7.crv	42a5e456d5812f90	54bb20b303c2ca31	0	0	1
116-fence-opener-with-a-nested-list-body-inside-a-list-item.crv	15b4c5b34a455a5e	7a5067a2bf7affeb	0	0	1
117-footnote-definition-inside-a-container-is-collected-2.crv	0102a4fa1847fbc8	b7c9848e8926a812	0	0	0
117-footnote-definition-inside-a-container-is-collected.crv	a3a9d574698fd9ab	3f4b610e3390ce9d	0	0	0
118-cyclic-cross-reference-resolves-to-one-level-2.crv	c70e354a9c958d82	d9b210ae8c273965	0	2	2
118-cyclic-cross-reference-resolves-to-one-level-3.crv	7ed15a34d1511177	e06032e80f8cae10	0	1	1
118-cyclic-cross-reference-resolves-to-one-level.crv	b5ea7937d01a32a9	3113a94354245fa6	0	1	1
119-trojan-source-heading-ids-are-nfc-normalized-and-strip-invisible-controls-2.crv	243ef9eaaef018fb	3e4ac9ea6d0e800d	0	1	1
119-trojan-source-heading-ids-are-nfc-normalized-and-strip-invisible-controls-3.crv	03fe862f9c22c9de	675df3ea4453a68a	1	1	1
119-trojan-source-heading-ids-are-nfc-normalized-and-strip-invisible-controls.crv	a7fce7803cb6e097	abad5f9b10628d44	0	1	1
12-inline-code-10.crv	05ffec1a54526d69	ea6fe088d714646c	0	0	0
12-inline-code-11.crv	d624e2b9181a1762	dc4f345b2bdc9da2	0	0	0
12-inline-code-12.crv	82a2575d39c008af	ff3635bf7a37b463	0	0	0
12-inline-code-2.crv	10d86e7a7069efed	9a5e4330c05fb828	0	0	0
12-inline-code-3.crv	c1fbe0a3b97d52b1	5a1b65fd22280e9b	0	0	0
12-inline-code-4.crv	28bf3e6f3249339c	65495d8f3c5b19af	0	0	0
12-inline-code-5.crv	ce82aea6bc3581d2	345bc125caaf6305	0	0	0
12-inline-code-6.crv	21c81e43024137ce	602d6951758ddc37	0	0	0
12-inline-code-7.crv	2c47da26be1d8c52	2b855dc123f6c9fb	0	0	0
12-inline-code-8.crv	671be2927063ea82	cb4db566430c99f6	0	0	0
12-inline-code-9.crv	e60aa12647e6a897	416de3f41d605ee1	0	0	0
12-inline-code.crv	e1e9084e269df568	b9b9dfea25cf6037	0	0	0
120-trojan-source-rendered-text-and-code-strip-bidi-override-controls-2.crv	4b8c2b808780d9f1	074aa7d080dc2d7e	1	0	0
120-trojan-source-rendered-text-and-code-strip-bidi-override-controls.crv	005a4b6149116662	ff9a7f9a01ae80c0	1	0	0
121-scheme-probe-strips-unicode-whitespace.crv	32df7d68af918b52	e54579407e3f327e	0	0	0
122-footnotes-placement.crv	ba088a78b00dc467	494a139dde06eaa5	0	1	1
123-classes-are-deduplicated.crv	e2f270df62ac8d53	17e8ee3de083012d	0	0	0
124-code-span-and-image-trailing-attributes-are-strict.crv	e4c69e06289a02c9	7a290af199c9c2c7	0	0	0
125-a-bare-attribute-block-on-its-own-line-is-literal.crv	ca3d163bab055381	4b7d5477e28173b7	0	0	0
126-a-backslash-in-a-link-destination-is-a-literal-character.crv	70130d02f0a3fd40	45a601aad92b97db	0	0	0
127-autolink-display-keeps-the-raw-content.crv	6f1a9e42f822e007	d357a6efe591bbca	0	0	0
128-editorial-markup-takes-a-trailing-attribute.crv	1815da726c7d4a1c	4867236294f0b428	0	0	0
129-emphasis-opener-slash-adjacency-2.crv	86a5a6e0ad93b69e	ab36d68af815649f	0	0	0
129-emphasis-opener-slash-adjacency-3.crv	a038cdf2ec118507	237d9dd91f34d084	0	0	0
129-emphasis-opener-slash-adjacency-4.crv	ac4ffc7a86033f4b	512869487e0b06d9	0	0	0
129-emphasis-opener-slash-adjacency.crv	ad8dc66bcadff1d7	c0242d8036304d12	0	0	0
13-attributes-2.crv	517719bbb59dbd0f	eac7bb9a3eaadd77	0	0	0
13-attributes-3.crv	1d02e4959d26d8c7	f9f08bffc89f9351	0	0	0
13-attributes-4.crv	bbe69d702fdb7af0	914abeaa0bdce48b	0	0	0
13-attributes-5.crv	9d1ff141649d45dd	f20d30168d46d8a8	0	0	1
13-attributes-6.crv	890ba2ea68349347	a815dc0f3d9d269d	0	0	0
13-attributes.crv	3d498f0761cf844b	b7301897d7ab330a	0	1	1
130-bold-italic-delimiter-needs-content-2.crv	cccc5e8a9a7ad608	93e9c74ff7f80e4c	0	0	0
130-bold-italic-delimiter-needs-content-3.crv	81e8d82a5181308d	d2a6785c3a74bfa8	0	0	0
130-bold-italic-delimiter-needs-content-4.crv	705469864da56e5b	acbdc2a11a3db227	0	0	0
130-bold-italic-delimiter-needs-content.crv	1c0ff118a4290c99	2f52261ea2bfb2ad	0	0	0
131-emphasis-span-closes-before-a-following-delimiter.crv	0422b61a40c33fcb	acc7fab35d985a8d	0	0	0
132-thematic-break-requires-contiguous-markers-2.crv	160a4eb12843810e	28337c03f9b3dafd	0	0	0
132-thematic-break-requires-contiguous-markers-3.crv	61350de446c82bc2	3d42da3fdb166190	0	0	0
132-thematic-break-requires-contiguous-markers-4.crv	e5e61fed291cefe8	c9555624ae9bae0a	0	0	0
132-thematic-break-requires-contiguous-markers.crv	f0996e6f1424e644	f7a9da2fa347a176	0	0	0
133-sublist-marker-interrupts-a-continuation-paragraph-2.crv	b05fdc1f74e2e7e3	bf1a89128b213424	0	0	1
133-sublist-marker-interrupts-a-continuation-paragraph.crv	9cffe338a2d883a6	c19af0c871f98284	0	0	1
134-footnote-definition-requires-an-inline-body.crv	70be0da73c5da825	53d84cea4d4b3a37	2	0	0
135-footnote-definition-separator-must-be-a-space.crv	5d6f3fef6532f4a8	9936734799d0b03e	2	0	0
136-link-reference-definition-separator-must-be-a-space.crv	8cfe52cde059499d	f258392352e42cbf	1	0	0
137-abbreviation-definition-separator-must-be-a-space.crv	ea10f333f710e44f	8defe1bf40efde2d	0	0	0
138-unclaimed-openers-stay-literal.crv	327bfef63ae05b1d	e65bf48b277f6da3	0	0	0
139-inline-literal-2.crv	ecb03ad4062b01a5	3770f45cd2eaa986	0	0	0
139-inline-literal-3.crv	3dd84bb4aec0fcd5	58d11684589d774a	0	0	0
139-inline-literal.crv	2a57f93eab448ab4	0def689a09a6a94c	0	0	0
14-frontmatter-2.crv	7662be3caa0a2486	d9a04dcaf965e3e7	0	0	0
14-frontmatter-3.crv	3792dd96f7c2a253	fadaee867905e342	0	0	0
14-frontmatter.crv	ea7a43d32f4faa25	25824cba95f26828	0	0	0
140-all-space-verbatim-content-2.crv	a71391c2dd08a077	4b9cf4de93850014	0	0	0
140-all-space-verbatim-content-3.crv	10a713de0bc16aba	df61d84f3e76cd2b	0	0	0
140-all-space-verbatim-content.crv	fd69cba0b8959ca8	2cc8492ccec96903	0	0	0
141-trailing-whitespace-boundaries-2.crv	716489ee50fb6689	e10ddde15dada42b	0	0	0
141-trailing-whitespace-boundaries-3.crv	163992c60a0fb0a1	2bc84813335bb307	0	0	0
141-trailing-whitespace-boundaries-4.crv	1e90f9dedaa8a9e0	bf30a0ffff139ee2	0	0	0
141-trailing-whitespace-boundaries.crv	16cc838ce0500876	6841f8e859403176	0	0	0
142-table-row-closing-pipe-2.crv	bfb979964873fb87	15502d4d21807194	0	0	0
142-table-row-closing-pipe-3.crv	cc41770d32e71f59	48488ca5a771ec04	0	0	0
142-table-row-closing-pipe.crv	531cc2134a81c9cd	3b3f00a51260a88b	0	0	0
143-post-blank-list-continuation-content-column-model-2.crv	b99bd826e4c03720	debab02ce7c356c2	0	0	1
143-post-blank-list-continuation-content-column-model-3.crv	98c89dbf22d5cb3a	45c32dd4f6372540	1	0	1
143-post-blank-list-continuation-content-column-model-4.crv	d1cf32585abfb07d	b3452a3e385337c6	0	0	1
143-post-blank-list-continuation-content-column-model-5.crv	0059d94d11a180d1	cea0b70f3dd85f92	0	0	1
143-post-blank-list-continuation-content-column-model.crv	9f13abaa2cae5ee7	20b20261fc1992f3	1	0	0
144-nested-item-looseness-does-not-propagate-to-the-outer-item-2.crv	9d589a9faf08db2c	0047b7519bc7f598	0	0	1
144-nested-item-looseness-does-not-propagate-to-the-outer-item-3.crv	488508b1b2033bfd	673fe8b8edac2d93	0	0	1
144-nested-item-looseness-does-not-propagate-to-the-outer-item-4.crv	08abcdd0a9aacd58	414d9bcb8715c550	0	0	1
144-nested-item-looseness-does-not-propagate-to-the-outer-item.crv	2cde7c4072147009	92ca9ed52a0480b2	0	0	1
145-definition-list-as-a-first-class-block-opener-2.crv	80087ce073903dab	fbccdc2b0da693b5	0	0	1
145-definition-list-as-a-first-class-block-opener-3.crv	9e2bc5e68316994a	9ad7b6941ea81291	0	0	1
145-definition-list-as-a-first-class-block-opener-4.crv	61df11cd12d4cd18	bfd1c67cd6ca0a25	0	0	1
145-definition-list-as-a-first-class-block-opener.crv	18ffa076ec55f108	96dc50ef6609254a	0	0	1
146-table-as-a-block-opener-in-a-list-item-2.crv	eab16729351a51df	f53b724393ee69f6	0	0	1
146-table-as-a-block-opener-in-a-list-item.crv	6acf41cd279c2a34	9cefef6e3560bf57	0	0	1
147-adjacent-slash-and-underscore-emphasis-nest.crv	c3d3071f83cc49c9	7466b869d8325d17	0	0	0
148-colon-fence-as-a-block-opener-in-a-list-item-2.crv	5749f072337a2269	67194b5b604b7979	0	0	1
148-colon-fence-as-a-block-opener-in-a-list-item-3.crv	56326d8f00ac4d7a	a0cba07ef1e28a9a	1	0	1
148-colon-fence-as-a-block-opener-in-a-list-item.crv	e9af23fa47831f56	9d8aa1177f308dea	0	0	1
149-fence-folds-as-lazy-inline-code-above-the-content-column.crv	1967ab5cabd2ab41	7fc346dfca3e619a	1	0	1
15-heading-ids-2.crv	928b8ad38038921f	83fad04600070080	1	1	1
15-heading-ids-3.crv	298cea7fa7ed2bc8	70b5abc045a6d327	0	3	3
15-heading-ids-4.crv	6ab23b882ae7fa9a	19dac76a764922ea	0	2	2
15-heading-ids-5.crv	4ff58ffb3f3ee6bf	24321e61aef37075	0	3	3
15-heading-ids-6.crv	d152beff169e723a	73e1ac755c86a011	0	1	1
15-heading-ids.crv	06e876d56c72f12d	b4369d76461e1b8f	3	4	6
150-abbreviation-title-escapes-its-markup-characters.crv	de763ac3babd7806	bf047a0cacad1caf	0	0	0
151-indented-ordered-marker-content-column-includes-the-marker-indent.crv	af162ce15a68e4de	6d363629ea8e0fc7	0	0	1
152-leading-attribute-brace-before-an-inline-span-stays-literal-2.crv	599390790ebb6df6	3e16694e7ef18f0c	0	0	0
152-leading-attribute-brace-before-an-inline-span-stays-literal-3.crv	10254a3e7d3c09f4	ae071a6c12148ca5	0	0	0
152-leading-attribute-brace-before-an-inline-span-stays-literal.crv	65f89e3be8de9363	cfeb10a36cccbe31	0	0	0
153-attribute-block-after-a-mention-stays-literal.crv	4a172d0d4f78193e	99568c1e75885c71	0	0	0
154-under-indented-definition-attaches-over-indented-definition-folds-2.crv	cf00b098ec73fff7	26ed84577c20d7d5	0	0	1
154-under-indented-definition-attaches-over-indented-definition-folds-3.crv	29e05d7e12741536	75da29b1b0905cbe	0	0	1
154-under-indented-definition-attaches-over-indented-definition-folds.crv	47eed1dfd0620730	b94eb731de3ee24e	0	0	1
155-image-trailing-attribute-is-strict-about-the-glue-2.crv	2225ef92379c0f71	06c2bd6ae15ed835	0	0	0
155-image-trailing-attribute-is-strict-about-the-glue.crv	525c8cd551828a60	936d86fe4bf25b3d	0	0	0
156-wrapped-definition-term-continuation-below-the-content-column-strips-leading-whitespace-2.crv	b2161a354475cad9	51246f012cedf19f	0	0	1
156-wrapped-definition-term-continuation-below-the-content-column-strips-leading-whitespace.crv	e9f9c2b2ab41dc4f	62e58fd7f49e1fe7	0	0	1
157-indented-attribute-line-stays-literal-2.crv	d30b38d05b60a3b1	3abd809509c8e4ef	1	0	0
157-indented-attribute-line-stays-literal-3.crv	1c0c7ebbe2582622	969a3ba7e606ac47	0	0	0
157-indented-attribute-line-stays-literal.crv	a1871bc5b452f602	7a8151151f249eb5	1	0	0
158-indented-image-and-caption-stay-literal-2.crv	e277fa45e34c6c75	4ceabe785eccba5e	1	0	0
158-indented-image-and-caption-stay-literal-3.crv	7167efc0d7881f6a	7f38f06ef2432e94	0	0	1
158-indented-image-and-caption-stay-literal.crv	3b8975ae0e09e641	7270c959a32614c4	0	0	0
159-indented-reference-and-footnote-definitions-stay-literal-2.crv	45a650c769caf554	62f9555face2af26	2	0	0
159-indented-reference-and-footnote-definitions-stay-literal.crv	e5b90db9b8fcc46b	e27c14b79ec0fd84	1	0	0
16-reference-link-2.crv	92bed5d0eb3fdd7b	fa7aea3959257168	0	0	0
16-reference-link-3.crv	db8b995e043d9789	9f5a824043af348d	0	0	0
16-reference-link-4.crv	4f75322d951ca8e8	9354ca183bcb1f70	0	0	0
16-reference-link-5.crv	0cc21e70d991c286	d4517a8d4e5b772f	1	0	0
16-reference-link-6.crv	7e9725ff098ef822	4b5e69689ab241e2	0	0	0
16-reference-link-7.crv	539c2f05189ad1c7	0d8b4c2fb94bbaf1	0	0	0
16-reference-link-8.crv	61b05a05fb027255	71c2e27a303cd38d	0	0	0
16-reference-link-9.crv	ef1a25f6d1447cf5	955e8365ac34f808	0	0	0
16-reference-link.crv	23a5ea94e5165030	062a6413625fdcdb	0	0	0
160-indented-colon-fence-blocks-stay-literal-2.crv	18bdf62a55f30d06	4de323f5263abf72	1	0	0
160-indented-colon-fence-blocks-stay-literal-3.crv	2de1883ad629dcc2	ce3b8e2276db4598	1	0	0
160-indented-colon-fence-blocks-stay-literal-4.crv	0d0de9a87e98af55	0c204c61e7ebc8aa	0	0	1
160-indented-colon-fence-blocks-stay-literal.crv	1e0f78105c0d665b	a98cfa9fd9124918	1	0	0
161-below-content-column-div-body-in-a-list-item-stays-literal.crv	0d411d9916e43a3d	be88fe30afbb2625	1	0	1
162-outer-item-with-an-internal-blank-before-an-attached-block-is-loose.crv	3dde9cf2cb8146c2	98b055ea8de90bb0	1	0	1
163-unresolved-footnote-reference-with-a-trailing-attribute-stays-literal-2.crv	7e67e948090f9f39	bf3c6856f0607061	0	0	0
163-unresolved-footnote-reference-with-a-trailing-attribute-stays-literal-3.crv	ceb032d5f49c3a85	d41d3fa660bac3b5	0	0	0
163-unresolved-footnote-reference-with-a-trailing-attribute-stays-literal.crv	18aaf5ae78d81b38	cc7cc90542071d24	1	0	0
164-tight-list-item-keeps-trailing-text-after-a-block-bare-2.crv	cd812fb776b39ca9	af534b93bf5fa7a3	0	0	1
164-tight-list-item-keeps-trailing-text-after-a-block-bare-3.crv	98885e611f23a5eb	934fe18c4b44b78d	0	0	1
164-tight-list-item-keeps-trailing-text-after-a-block-bare.crv	d8775da0cbb9bdbd	ba6b955b866b31ec	0	0	1
165-quote-flanking-after-an-escaped-character.crv	336f9667565dd678	00d242a8969925f4	0	0	0
166-comment-fence-with-trailing-text.crv	d9063ca2f1189d0d	dda6054f653f79aa	0	0	1
167-unterminated-comment-fence.crv	95d6e8474f76c0a6	1ad1bbfead757b58	0	0	0
168-widened-verbatim-fences.crv	f3f3cce23929a70c	e6aad222ac8e69e1	0	0	0
169-only-the-id-hoists-to-the-section-wrapper.crv	dbc1907c5ccbed64	5fe8d1f566a22356	0	2	2
17-collapsed-reference-link-2.crv	c05ffc556ab96147	4519fedb9c5a4d29	0	0	0
17-collapsed-reference-link.crv	a87fb102bdeb3ec2	74fc884c7d2eb566	0	0	0
170-headings-inside-containers-are-not-wrapped.crv	0d277f5082a419a0	5944d3041199f2bf	0	2	5
171-attribute-order-on-an-unwrapped-heading.crv	1d77e73a15ea828e	5ed73dcf87e32346	0	3	6
172-attribute-braces-on-a-list-item-marker-line.crv	56d1596959a24c86	ae3097abc48a161e	1	0	1
173-implicit-heading-references-with-no-definition.crv	31c6c4b8b5426725	ae847ffb16dabe82	3	3	3
174-bare-dot-ordered-markers-2.crv	78c82bac7be40a34	387108936da57fe7	0	0	1
174-bare-dot-ordered-markers-3.crv	61e67ef4bf5b779b	5add357c91576c97	0	0	1
174-bare-dot-ordered-markers.crv	767d268a70a35a0d	4e9a91b5306527b0	0	0	1
175-a-repeated-definition-which-one-wins-2.crv	b4bee4a6ed7e4cd0	d8f0e89e1c282b22	0	0	0
175-a-repeated-definition-which-one-wins-3.crv	98bfe29e1b18ec4f	ab400214dcc9c9d7	1	0	0
175-a-repeated-definition-which-one-wins.crv	7d13040951bdf60f	c66479d3cfdac924	0	0	0
176-a-marker-separator-is-a-space-never-a-tab-2.crv	bf1ccb3548c364ed	f6b5d272fdecd2f0	0	0	1
176-a-marker-separator-is-a-space-never-a-tab.crv	9993698ab201bcb4	c98a4eff669dd876	0	0	0
177-two-abbreviation-definitions.crv	ab2c13c257bc6956	727e724dd267dd81	0	0	0
178-a-flush-left-line-needs-an-open-paragraph-to-fold-into-2.crv	22c4cc0ab9d510ec	bda651fe2f8a2fd0	0	0	0
178-a-flush-left-line-needs-an-open-paragraph-to-fold-into-3.crv	dfeb9de40426bae0	9aad9ce5c2ffded0	0	0	1
178-a-flush-left-line-needs-an-open-paragraph-to-fold-into-4.crv	18810e5dabee00f4	4480dc12998c814c	0	0	1
178-a-flush-left-line-needs-an-open-paragraph-to-fold-into-5.crv	43e6b9985071cce2	be2e401370041fa0	0	0	1
178-a-flush-left-line-needs-an-open-paragraph-to-fold-into-6.crv	7e354b435e60bc0a	62455666aec4f643	0	0	1
178-a-flush-left-line-needs-an-open-paragraph-to-fold-into-7.crv	2d00f313e0b934e1	22f3184b232fd7c3	0	0	1
178-a-flush-left-line-needs-an-open-paragraph-to-fold-into.crv	cf012c97757f222e	6742d5c4b06a2114	0	0	0
179-an-abbreviation-definition-is-recognized-only-at-document-level.crv	e97f6d657558c304	081eae7da875600c	0	0	0
18-unresolved-reference-link.crv	1b619f5e8be8edae	46654f1fff4103b0	1	0	0
180-a-list-item-does-not-define-an-abbreviation-either.crv	925d7f6d4732134f	29fa33f74f110d7f	0	0	0
181-a-div-does-not-define-an-abbreviation-either.crv	68d1cf0b3aa4afc6	54cd945f7aef793b	0	0	1
182-openers-past-the-nesting-cap-are-one-paragraph.crv	30ae7d44d0fb793f	adb0507b2e391192	201	0	200
183-a-comment-is-recognized-at-any-column.crv	7404251b175f0e50	28b05e5af837e4ce	0	0	1
184-a-definition-below-every-content-column-folds-as-text.crv	15027d5fde62157f	b074b42be8fd3df7	1	0	1
185-a-caret-is-a-reference-label-not-an-empty-footnote-2.crv	3273363167c248e1	af751623e3f01477	0	0	0
185-a-caret-is-a-reference-label-not-an-empty-footnote.crv	f6cd92d92b43ec4f	72e979b2cc09ca5d	0	0	0
186-an-invisible-line-does-not-cancel-a-blank-line-separation-2.crv	1713316d669d15cf	4ee1fe069c94426d	0	0	1
186-an-invisible-line-does-not-cancel-a-blank-line-separation.crv	5088b6997a378383	e6b197a0302b26fb	0	0	1
187-a-comment-fence-is-a-comment-at-any-column-too.crv	46a4bb17cf745740	09be3bf4fa4b9ba0	0	0	1
188-a-floating-attribute-stops-at-the-item-boundary.crv	a4605840cd1f18f1	fbc6c1a6fd9158fa	1	0	1
189-a-comment-under-a-nested-item-does-not-close-it.crv	e00b80aaf6f04a40	75419c12b299bc8e	0	0	1
19-smart-typography-dashes-and-quotes-2.crv	536c454200843e66	8d181e513ce021e5	0	0	0
19-smart-typography-dashes-and-quotes-3.crv	5775524d79a819f1	adaf8ddebb2e8285	0	0	0
19-smart-typography-dashes-and-quotes-4.crv	bd3b8b62dcd99e05	c490b47f67bafb83	0	0	0
19-smart-typography-dashes-and-quotes-5.crv	92b9522a4da5afd1	cbfd5b08945168e5	0	0	0
19-smart-typography-dashes-and-quotes-6.crv	769d204fa32222f0	9e06bc4c0b1adfb8	0	0	0
19-smart-typography-dashes-and-quotes-7.crv	8a98e7e6860c9453	8125936f01b80ee4	0	0	0
19-smart-typography-dashes-and-quotes-8.crv	26a2ecd26123b39e	baad4e00d804b758	0	0	0
19-smart-typography-dashes-and-quotes-9.crv	752e615ee5662da5	2220dd2597af05b6	0	0	0
19-smart-typography-dashes-and-quotes.crv	58e7e17f1768a056	c0f82ebb8173b66f	0	0	0
190-a-definition-inside-a-comment-registers-nothing.crv	6ded958b5d25b455	c8b4c77ca890efe2	1	0	1
191-a-blank-after-a-comment-still-ends-the-item.crv	c6cf0459e05e3b86	2552fff908430e4c	0	0	1
192-a-comment-fence-under-a-nested-item-does-not-close-it-either.crv	f33276cd2f1a3a8b	f23777207c79e48d	0	0	1
193-a-collapsed-reference-is-matched-by-the-label-the-author-wrote-2.crv	eabefb49bb7b8a46	9ee2437913cb4a7b	1	0	0
193-a-collapsed-reference-is-matched-by-the-label-the-author-wrote.crv	cad1f913fefb9d13	9c774a6c2dc1dbc6	0	0	0
194-an-abbreviation-at-a-list-item-s-content-column-is-still-not-a-definition-2.crv	404c9d1cc612d286	11ebee4b5f1f0fcb	0	0	0
194-an-abbreviation-at-a-list-item-s-content-column-is-still-not-a-definition.crv	d2b66f36c0409dbe	f3b3915992a7b79d	0	0	1
195-a-definition-inside-a-container-is-collected-at-that-container-s-content-column-2.crv	72b1fc6d62ac73a4	a94f26de1b90470a	0	0	1
195-a-definition-inside-a-container-is-collected-at-that-container-s-content-column-3.crv	1715f1f0df9bf157	253c3684518569d6	1	0	0
195-a-definition-inside-a-container-is-collected-at-that-container-s-content-column.crv	9c69924333c5ac46	0f3bba112abde217	0	0	0
196-trailing-attributes-on-a-link-reference-definition-2.crv	4ef8450f48cea665	7baab744961848c0	0	0	0
196-trailing-attributes-on-a-link-reference-definition-3.crv	dad3b180f53c74a4	9af559f5d2487dab	0	0	0
196-trailing-attributes-on-a-link-reference-definition.crv	b3e772b00b34390f	5e073922c632f6c5	0	0	0
197-a-comment-ends-the-paragraph-it-sits-under.crv	7c6b47eeebb18e77	8d28113495abe067	0	0	1
198-an-image-takes-a-reference-the-way-a-link-does.crv	737f589ed0d3ee8e	ecf1136ff39a2eec	0	0	0
199-a-collapsed-image-reference-uses-its-alt-text-as-the-label.crv	0b4d530e7efda7a2	255207a9dcab48b1	0	0	0
20-smart-typography-arrows-and-symbols.crv	a1c7a603e7dfac9b	443a3677f2cf50d1	0	0	0
200-one-definition-serves-a-link-and-an-image.crv	70b2d2118b393e99	2288482bfbf16734	0	0	0
201-an-unresolved-image-reference-stays-literal.crv	cdc5eb1519a07415	916c276c2e5ac125	1	0	0
202-a-definition-on-a-footnote-body-s-continuation-line-is-collected.crv	f726d6301eb8758c	9c689c4116710174	0	0	0
203-a-footnote-body-holds-blocks-and-they-render-where-they-were-written.crv	a3fe8bd078eaa6f7	3d68fa155a4f3896	0	0	0
204-a-heading-in-a-footnote-body-takes-an-id-but-no-section-wrapper.crv	630c3b691c19f36e	fc953763000622bf	0	0	0
205-an-attribute-line-inside-a-footnote-body-attaches-inside-it.crv	f46c29076ddcb5e1	52adfc31c693b011	0	0	0
206-a-nested-list-in-a-footnote-body-stays-nested.crv	e9490839bca2dbcd	777cb02921713251	0	0	0
207-a-reference-image-takes-a-caption.crv	3494b83f2ec6f9f1	bb49b246e026cf91	0	0	1
208-a-combined-bold-italic-span-may-cross-a-line.crv	ed06fb394bea2ba6	4555c90dbb3e98c8	0	0	0
209-an-unresolved-reference-image-takes-no-caption.crv	c7bcc03a6feec1ec	ac9daa1ce06d5c3b	1	0	0
21-math-2.crv	12171ac05ee8ad6a	06545b427ab96580	0	0	0
21-math.crv	baf6e1e7b7d3a4aa	21df8d66e57787ef	0	0	0
210-a-quote-marker-is-plus-a-space-and-a-lazy-line-keeps-its-own-text.crv	7efa7ce13ed71cad	257c92a27281e6bf	1	0	1
211-a-block-attribute-line-inside-a-quote-ends-the-paragraph-above-it.crv	0d1ac73370356fa2	cce5a5d8a0707798	0	0	1
212-a-flush-left-line-after-a-footnote-definition-belongs-to-the-document.crv	36b291e16b21687c	6e3951d338ed2aec	0	0	0
213-a-tag-inside-a-literal-brace-run-is-still-a-tag.crv	6e44da2ffd971bed	990bf23f607085a9	1	1	1
214-a-comment-fence-at-column-0-ends-the-item-a-line-does-not-2.crv	b6fd08fb41be984d	05a021d5437ea02e	0	0	1
214-a-comment-fence-at-column-0-ends-the-item-a-line-does-not.crv	bcd4ba316b614b4e	542048cd1c75b6e2	0	0	1
215-a-marker-attribute-may-hold-a-quoted-brace.crv	913c8ba4f61a3266	3a77b7b53925df31	0	0	0
216-a-description-line-needs-a-term-above-it.crv	f2ba25b7a98ed3f5	8aaa911ff9a66d5d	1	0	0
217-a-heading-id-keeps-a-non-ascii-space.crv	f81d2daa9211dbd7	ffd177f3cd4a3920	0	1	1
218-a-footnote-body-s-authored-base-can-open-a-table-past-column-two.crv	012dd582a702e3ac	7013478ec7976f07	0	0	0
219-a-definition-below-a-footnote-body-s-column-is-the-document-s-own-text.crv	88901ce9d8e22509	889e503df28c13e6	1	0	0
22-footnotes-2.crv	fda8a435788109dd	e1ef551b2ed9fea6	0	0	0
22-footnotes-3.crv	9ce52bf6ce9543a0	c2f936fc594b6df5	1	0	0
22-footnotes-4.crv	94648e74cbf2a712	6e6a491f86b89d6b	0	0	0
22-footnotes-5.crv	91f9af9e35fc36ba	1522be338d4c29e2	0	0	0
22-footnotes-6.crv	6f256c58f24e58bf	889bf1da82bfd9b9	1	0	0
22-footnotes.crv	a15d143eae28bb80	decc8402cc771125	0	0	0
220-a-definition-past-a-footnote-body-s-column-registers-from-its-authored-base.crv	839ecb8d0ec19397	854f25d3e61204c1	0	0	0
221-a-heading-reference-folds-unicode-normalization-but-not-compatibility.crv	56b893c7ef8dd155	3ccee60e310e0752	1	2	2
222-a-tab-as-the-first-character-of-a-definition-term.crv	255f6cceb3a08234	542c03b427cb250d	0	0	0
223-an-abbreviation-term-is-one-ascii-alphanumeric-word-2.crv	851f69a5681a854b	acb197113fb819e5	0	0	0
223-an-abbreviation-term-is-one-ascii-alphanumeric-word.crv	62a2eee6be76ccb9	acc2f8fa7a4ed54e	0	0	0
224-a-tab-reaches-a-footnote-body-s-column-just-as-two-spaces-do-2.crv	6f740cf7f62b8645	f363745ba45ce535	0	0	0
224-a-tab-reaches-a-footnote-body-s-column-just-as-two-spaces-do-3.crv	2d566985463111ca	af3179abd79c9b1a	0	0	0
224-a-tab-reaches-a-footnote-body-s-column-just-as-two-spaces-do.crv	5d6a76f2add7743e	74e58322ba6c780b	0	0	0
225-a-footnote-body-s-last-block-when-it-is-not-a-paragraph-gets-a-synthesized-paragraph-for-the-backlink-2.crv	3442c8d9f62eb7cd	25b92e249806f975	0	0	0
225-a-footnote-body-s-last-block-when-it-is-not-a-paragraph-gets-a-synthesized-paragraph-for-the-backlink-3.crv	2215a3f0116af4f4	ec948b1c0846f9ab	0	0	0
225-a-footnote-body-s-last-block-when-it-is-not-a-paragraph-gets-a-synthesized-paragraph-for-the-backlink-4.crv	a46e7d0307c19274	f0c203e09e5d031f	0	0	0
225-a-footnote-body-s-last-block-when-it-is-not-a-paragraph-gets-a-synthesized-paragraph-for-the-backlink-5.crv	faec4e900df01fef	ca34fac9c82e7b8c	0	0	0
225-a-footnote-body-s-last-block-when-it-is-not-a-paragraph-gets-a-synthesized-paragraph-for-the-backlink.crv	c8ee0e61988b2030	99f8241174a9a945	0	0	0
226-a-definition-attached-by-a-continuation-marker-is-collected-and-the-item-keeps-no-trace.crv	e700cdd954d4f422	361c761d1970a7bc	0	0	0
227-a-definition-inside-a-definition-list-dd-is-collected-and-the-entry-keeps-no-trace-2.crv	5ad31a9ee395ebfa	b3ba7127f988b76e	0	0	1
227-a-definition-inside-a-definition-list-dd-is-collected-and-the-entry-keeps-no-trace.crv	73fc293109d5ba4c	b5f9acd128e2cd2e	0	0	1
228-a-line-at-a-footnote-definition-s-own-column-followed-by-non-blank-text-forms-its-own-tight-block.crv	390306cbf32447d6	6f2654e43c5322e5	0	0	1
229-an-empty-abbreviation-term-is-not-a-definition.crv	452a8d2afeff6177	326fcc5704219657	0	0	0
23-inline-footnotes-2.crv	5dbc32cfc1bc88e1	7a6b9af1b7b5208b	0	0	0
23-inline-footnotes.crv	b6899fad82a73de2	f3690c0afd42dbf9	0	0	0
230-an-at-sign-is-a-reference-label-character-everywhere-but-the-first-position.crv	7e6e6080e24fd608	d9ebf42c2ea40e63	0	0	0
231-a-tab-after-a-heading-quote-or-caption-marker-leaves-the-line-as-prose-2.crv	80d6e071e8d69495	48ce931738de57a6	0	0	0
231-a-tab-after-a-heading-quote-or-caption-marker-leaves-the-line-as-prose.crv	5fb098400eb9108e	cbc079cd13176f87	1	0	0
232-two-dashes-are-not-a-thematic-break.crv	cac8d00e42b0c21c	2f348c2e4200efd5	0	0	0
233-two-backticks-are-not-a-code-fence-opening-or-closing-2.crv	eb4c3f9f0105a57f	d66ccf3515be81ab	0	0	1
233-two-backticks-are-not-a-code-fence-opening-or-closing.crv	22635fda2b8a9743	d493f97002489813	0	0	0
234-a-single-percent-is-not-a-comment.crv	ff8ac34237167f2c	df737e0302e27c8a	0	0	0
235-an-uppercase-roman-numeral-is-a-list-marker.crv	9863b971e2d6fe52	5ecfb9216371a4ef	0	0	1
236-a-table-delimiter-cell-needs-at-least-one-dash.crv	f7c3e8448d7cd2af	adfcb8391f8dff65	0	0	1
237-a-continuation-row-carries-no-trailing-text-2.crv	d86478af1f178d65	c6addfd8717b6a4e	1	0	0
237-a-continuation-row-carries-no-trailing-text.crv	de8034f02b4185d0	4fbe08b439b77b75	0	0	1
238-a-format-character-before-a-scheme-is-not-stripped-and-is-inert.crv	a325011c165c0fc4	bf7133c153bef908	0	0	0
239-a-link-definition-written-before-a-footnote-stays-before-it-2.crv	5897831e8d512194	6d8f170497074745	0	0	0
239-a-link-definition-written-before-a-footnote-stays-before-it.crv	b79d7ee1570e04b0	0d3e1853a7801c64	0	0	0
24-generic-divs-2.crv	e07cefec2d765cdf	926c64edb2d75cd0	1	0	0
24-generic-divs-3.crv	5b0e1e7878d181db	a7d0ed403bb2ddd9	0	0	1
24-generic-divs-4.crv	db6c7a96f8baae40	1a910c30d62d41d9	0	0	1
24-generic-divs-5.crv	308b4717fbfa424d	496f629db0c8a58e	0	0	3
24-generic-divs.crv	24845a981160d7cb	35f0f7eb987623dc	0	0	2
240-a-zero-width-character-in-a-reference-definition-destination-2.crv	58c493e9c5c2073f	ad5482a847a28925	0	0	0
240-a-zero-width-character-in-a-reference-definition-destination.crv	c78f506c42d192df	9f594f2aef69ce4d	0	0	0
241-a-multi-line-raw-block-is-placed-at-its-opening-and-verbatim-after-it-2.crv	0eda4c394dfb4f5e	94548ee2552b9d21	0	0	2
241-a-multi-line-raw-block-is-placed-at-its-opening-and-verbatim-after-it.crv	d9973270d9494d14	73fe2ab13d0f5484	0	0	0
242-a-block-image-is-separated-from-the-block-after-it-on-every-target.crv	8c53835bb03e2236	757ee442aa245ec8	0	0	0
243-a-tab-indent-is-the-column-it-reaches-whatever-the-line-holds-2.crv	c2deca22d17ed0cf	957355e0bb130c43	0	0	1
243-a-tab-indent-is-the-column-it-reaches-whatever-the-line-holds.crv	8a95095db90f47d5	f5b060c33fbd5fc8	1	0	1
244-the-same-column-written-with-four-spaces.crv	4d28e0f069e3e41f	71a10bca69a711a6	1	0	1
245-sibling-markers-that-reach-one-column-are-one-list.crv	4dd1b198f4fbcf46	97888681d6e5ec3f	0	0	1
246-the-continuation-marker-at-an-item-s-own-column-and-what-follows-it-2.crv	2c312c1e1497868c	a9c0be6f2191e1c9	0	0	1
246-the-continuation-marker-at-an-item-s-own-column-and-what-follows-it-3.crv	1e2484b88bec2630	50313bbdead89143	0	0	1
246-the-continuation-marker-at-an-item-s-own-column-and-what-follows-it.crv	24c43bb5ae19b71d	af311819c0e287e9	0	0	1
247-a-continuation-marker-after-a-blank-line-in-the-item.crv	1e4698bd913729ef	504ab687d405b109	0	0	1
248-an-attribute-name-admits-no-colon-2.crv	17e508afd02e4383	cdea51ea67f11a53	0	0	0
248-an-attribute-name-admits-no-colon-3.crv	fb6941b40c08eaab	875d756c4c9d7999	0	0	0
248-an-attribute-name-admits-no-colon.crv	1d2c185957078a4d	ebb67f0f67b43044	0	0	0
249-trailing-whitespace-after-a-block-marker-2.crv	f67668b722937518	9e26575a4f0c8c52	0	0	1
249-trailing-whitespace-after-a-block-marker-3.crv	20250a583867b3e1	fdf45735078916ed	0	0	1
249-trailing-whitespace-after-a-block-marker-4.crv	653d540497117a1e	a8ea52138c2bc62b	0	0	1
249-trailing-whitespace-after-a-block-marker-5.crv	af0c832706707b14	74d25631dda2a192	0	0	0
249-trailing-whitespace-after-a-block-marker-6.crv	56bbed6a3c7b3e97	3323d39d17961808	0	0	1
249-trailing-whitespace-after-a-block-marker.crv	26249c93f4fc9f59	9c30b60201dbebcd	0	0	0
25-definition-lists-2.crv	d3dc6b492684ef72	f59b6a1af8ba1284	0	0	1
25-definition-lists-3.crv	0ba437bc84857aff	101ce750463ad566	0	0	1
25-definition-lists-4.crv	98d07c811ee2f7be	ca0a874d0c01e5b5	0	0	1
25-definition-lists-5.crv	480875a10aa1ce4e	c6f629e38d026864	0	0	1
25-definition-lists-6.crv	3c7c8e574c8f600a	a6ab054706fa57e5	0	0	1
25-definition-lists-7.crv	1e0d35916091ffd4	5ef8a8d6bb3f56e1	0	0	1
25-definition-lists.crv	23ffb74398432cb1	0d374946d0993d29	0	0	1
250-line-endings-and-a-byte-order-mark-2.crv	facda1c51a42b5cd	ebd23d25b3d21ccb	0	1	0
250-line-endings-and-a-byte-order-mark-3.crv	20e564b3118878cb	44103d9485ca2876	0	1	1
250-line-endings-and-a-byte-order-mark-4.crv	24fa4983e4f52d53	ebd23d25b3d21ccb	0	1	1
250-line-endings-and-a-byte-order-mark.crv	1d022fa83a10a774	23617f8ded74991d	0	1	1
251-a-continuation-marker-after-a-blank-line-in-a-loose-item.crv	f1a13011feaa81ca	9bd8d47de45672c2	0	0	1
252-a-tab-separates-two-attributes-and-pads-a-block-as-a-space-does-2.crv	ef7100c2a343f545	45fb533c7b414a24	0	0	0
252-a-tab-separates-two-attributes-and-pads-a-block-as-a-space-does-3.crv	1e4453055eaf4075	0d94505f779b4d7a	0	0	0
252-a-tab-separates-two-attributes-and-pads-a-block-as-a-space-does.crv	118847b1c915dc73	d183b724cf4d5175	0	0	0
253-an-inline-attribute-block-does-not-span-lines-but-an-attribute-line-does-2.crv	20d2a979250bd364	7f462e49517199eb	0	0	0
253-an-inline-attribute-block-does-not-span-lines-but-an-attribute-line-does-3.crv	20f8f9c03e47f6e5	9c694bd3e37a7073	0	0	0
253-an-inline-attribute-block-does-not-span-lines-but-an-attribute-line-does.crv	775f37f9e6ffeb18	212fd7a6b8223ea3	0	0	0
254-colon-fence-separator-must-be-a-space-10.crv	11ce956c35942b24	2e95b3c14b8cdc10	0	0	1
254-colon-fence-separator-must-be-a-space-2.crv	445ac6e956d82f8c	475dd473b154b234	1	0	0
254-colon-fence-separator-must-be-a-space-3.crv	022f66c0c9022ae2	6ac028294e1adbf7	1	0	0
254-colon-fence-separator-must-be-a-space-4.crv	f88097788985cef1	4d529f789cf8df84	1	0	0
254-colon-fence-separator-must-be-a-space-5.crv	d8462fae1f96b0fd	7f3ada8f2f2cee96	1	0	0
254-colon-fence-separator-must-be-a-space-6.crv	ef4ffcdc92808036	f3fb207a57fac51c	1	0	0
254-colon-fence-separator-must-be-a-space-7.crv	513f4e70f7c1c7e3	2579b580dcf9d814	1	0	0
254-colon-fence-separator-must-be-a-space-8.crv	b6cddd6d40c746ae	09932d5d536f6571	1	0	0
254-colon-fence-separator-must-be-a-space-9.crv	1c91c09e960b100e	8694fe6f3e7887ad	1	0	0
254-colon-fence-separator-must-be-a-space.crv	4fdbb514b78f5cb4	3fa40163a42416e3	1	0	0
255-colon-fence-metadata-slots-must-be-a-space-too-2.crv	f25ce1f1ef90069f	710646265dbddc43	1	0	1
255-colon-fence-metadata-slots-must-be-a-space-too-3.crv	55a25b43dba2fceb	2a1cc5ab454c36d0	1	0	1
255-colon-fence-metadata-slots-must-be-a-space-too-4.crv	8e6b0077748ae0e2	3ee0beefe2af3bae	1	0	1
255-colon-fence-metadata-slots-must-be-a-space-too-5.crv	4e78514115b100b4	b58d4b619c383c49	0	0	1
255-colon-fence-metadata-slots-must-be-a-space-too.crv	956c332209491789	9a510a1cac0486ab	1	0	1
256-table-cell-padding-must-be-a-space-10.crv	784733ac6a27ca0d	f15796f0f616026e	0	0	1
256-table-cell-padding-must-be-a-space-11.crv	5e413797a06a4eb5	baa1f86239262fa6	0	0	1
256-table-cell-padding-must-be-a-space-12.crv	fe1c81bf88be2200	f29c3c64478fc096	0	0	1
256-table-cell-padding-must-be-a-space-13.crv	f4a0ee632ff63caf	d44a38eae6da901b	0	0	1
256-table-cell-padding-must-be-a-space-14.crv	5dbb26f07827fc8f	83da8a3db1f740c9	0	0	1
256-table-cell-padding-must-be-a-space-15.crv	7d9c2cc356673a21	d88495fde2f7d9bc	0	0	1
256-table-cell-padding-must-be-a-space-16.crv	76739bec08e6cd3f	bb5b52dfdf1679eb	0	0	1
256-table-cell-padding-must-be-a-space-17.crv	a48e86902578dff3	f0efc8e2c7a461f3	0	0	1
256-table-cell-padding-must-be-a-space-18.crv	f8450acad7109c0d	8ab95564cf8f0865	0	0	1
256-table-cell-padding-must-be-a-space-19.crv	7cc3485cec654afa	afe7384647d690d3	0	0	1
256-table-cell-padding-must-be-a-space-2.crv	2e32d9c4b0936c47	d7406abb51c16c25	0	0	0
256-table-cell-padding-must-be-a-space-20.crv	c77698a916cab493	b9794f0442a05f7c	0	0	1
256-table-cell-padding-must-be-a-space-21.crv	b5587c5aa5a83071	2346acba4e590d95	0	0	1
256-table-cell-padding-must-be-a-space-3.crv	9942c9ff1384a6ea	c9c787f55cd25f9c	0	0	0
256-table-cell-padding-must-be-a-space-4.crv	3b330059336d949e	776b5c9e815601b3	0	0	0
256-table-cell-padding-must-be-a-space-5.crv	536f63467e22ebe9	5b40effe78fcc588	0	0	0
256-table-cell-padding-must-be-a-space-6.crv	27fe25125b728eaf	2f0d654c1d9f9b1c	0	0	1
256-table-cell-padding-must-be-a-space-7.crv	fc0c919909d77796	e63ee326e47d14fb	0	0	1
256-table-cell-padding-must-be-a-space-8.crv	3834ea98104bae62	aafa622a872ca838	0	0	1
256-table-cell-padding-must-be-a-space-9.crv	a3fa750577c9ed87	5098b26ffdf0ccb3	0	0	1
256-table-cell-padding-must-be-a-space.crv	6761494031f6ff33	338d1ac3ebf328c4	0	0	0
257-link-and-image-title-slots-must-be-a-space-2.crv	a0922efb9cfd9d8a	539f679bf3584fc0	0	0	0
257-link-and-image-title-slots-must-be-a-space-3.crv	10faf7d5bb45e188	518b8f088310b760	0	0	0
257-link-and-image-title-slots-must-be-a-space-4.crv	5af32621ce636817	498687a7a32e69de	0	0	0
257-link-and-image-title-slots-must-be-a-space-5.crv	8458a42ad70d3ad2	f806b1df5749baed	0	0	0
257-link-and-image-title-slots-must-be-a-space-6.crv	3d56ee6a5274f8f0	70ba237164c55507	0	0	0
257-link-and-image-title-slots-must-be-a-space-7.crv	e94e27627c519f67	57bb2e0cd5b0af9a	0	0	0
257-link-and-image-title-slots-must-be-a-space.crv	d53349270e9ed88f	cb76facfd8f8cc7f	0	0	0
258-code-fence-metadata-slots-must-be-a-space-too-10.crv	ce5b9aef7eab58c1	adcb737c5c3dad99	0	0	1
258-code-fence-metadata-slots-must-be-a-space-too-2.crv	0a35c15cbff7a85e	4405a65095c2852a	1	0	0
258-code-fence-metadata-slots-must-be-a-space-too-3.crv	169debcb27e92f7a	19f889fb99437fac	1	0	0
258-code-fence-metadata-slots-must-be-a-space-too-4.crv	c3e07437cf1a9206	e3476065eae9abeb	1	0	0
258-code-fence-metadata-slots-must-be-a-space-too-5.crv	99f345d2c932f733	0e2ceb71d60f7d6e	1	0	0
258-code-fence-metadata-slots-must-be-a-space-too-6.crv	782add7e0cf0df0e	14ba0b8a7d1ac631	1	0	0
258-code-fence-metadata-slots-must-be-a-space-too-7.crv	a05c480889d32620	7752ef2edfe9b8f3	1	0	0
258-code-fence-metadata-slots-must-be-a-space-too-8.crv	cfb70984f5ed9a0c	19b5776be0280023	1	0	0
258-code-fence-metadata-slots-must-be-a-space-too-9.crv	b9f4f88d012fd659	c2555584f5cd5c52	1	0	0
258-code-fence-metadata-slots-must-be-a-space-too.crv	3523758f78a8af10	a413e37d2c93da9d	1	0	0
259-a-tab-continues-a-list-item-just-as-two-spaces-do-2.crv	f0359116ab747dda	77b10bb7af6c7afc	0	0	1
259-a-tab-continues-a-list-item-just-as-two-spaces-do.crv	bb02b78f448c7ecb	78ef18947ccf985c	0	0	1
26-comments-2.crv	9b3e63cd4bc2b463	7d55e6c96137d2a2	0	0	0
26-comments-3.crv	4e0ce1321bb32843	4f93cd369fd8731a	0	0	0
26-comments-4.crv	48c3c719e1fcbe6c	5acbbb7bd18bd98b	0	0	0
26-comments-5.crv	951db8a137b85578	bc26f2236fce0971	0	1	1
26-comments-6.crv	e14a62de51460df2	c7c85e6a6ca76c51	0	0	0
26-comments-7.crv	29a01ba822caee43	6371fd96b1e3dee9	0	0	0
26-comments-8.crv	01b3974e46c977b7	45768a959034b379	0	0	0
26-comments-9.crv	f500d346b0d204e8	80805abedd402152	0	0	0
26-comments.crv	0eee7b7e4cbef570	72ffc8a0d91717dc	0	0	1
260-an-absorbed-colon-fence-leaves-a-block-quote-s-paragraph-open-2.crv	3714c6abca04c1c4	9c03c30c2c8e9f64	0	0	1
260-an-absorbed-colon-fence-leaves-a-block-quote-s-paragraph-open-3.crv	d342d91a26d1cad0	4df0d7f2de144aa7	1	0	1
260-an-absorbed-colon-fence-leaves-a-block-quote-s-paragraph-open-4.crv	c7609a39b9cffa0a	adbe9e96a52ecb32	0	0	2
260-an-absorbed-colon-fence-leaves-a-block-quote-s-paragraph-open.crv	7dbb47edca97f2d2	038b4ed184440f8d	0	0	1
261-a-blank-line-holds-spaces-and-tabs-and-nothing-else-2.crv	3ac73f56ffd0f19a	ec03a40191491838	0	0	0
261-a-blank-line-holds-spaces-and-tabs-and-nothing-else-3.crv	f20eaf3509eea0c4	88e60cea1b002c6f	0	0	0
261-a-blank-line-holds-spaces-and-tabs-and-nothing-else.crv	d06f3e2511927b30	030e1646a34195f1	0	0	0
262-a-link-title-takes-exactly-one-space-2.crv	7a8e0f1580113e0d	97d20a171805e801	0	0	0
262-a-link-title-takes-exactly-one-space-3.crv	e94e27627c519f67	57bb2e0cd5b0af9a	0	0	0
262-a-link-title-takes-exactly-one-space-4.crv	aba874d02efa3e5f	ccd12c0d39566dd6	0	0	0
262-a-link-title-takes-exactly-one-space.crv	e0ff79d3e84adbd2	51f0c94618cadec6	0	0	0
263-a-code-fence-opener-takes-exactly-one-space-2.crv	7fe58fcae370a3a3	3e7d115d40ca5124	0	0	1
263-a-code-fence-opener-takes-exactly-one-space.crv	1de787593182cc1e	b59b7a19a1c920f2	1	0	0
264-a-frontmatter-opener-takes-exactly-one-space-2.crv	8efb09e67f477e1e	a164a565cfc964f8	0	0	0
264-a-frontmatter-opener-takes-exactly-one-space.crv	720c574b038d7c86	3d39322738bfff3e	0	0	0
265-a-reference-definition-s-metadata-slots-take-exactly-one-space-2.crv	50b658be0ae439f9	26f3dd1214832376	1	0	0
265-a-reference-definition-s-metadata-slots-take-exactly-one-space-3.crv	bf94c3e5a6af0e87	ecb86ce87ee59331	0	0	0
265-a-reference-definition-s-metadata-slots-take-exactly-one-space-4.crv	67739cb5aa2e8451	263779cc96353bd9	0	0	0
265-a-reference-definition-s-metadata-slots-take-exactly-one-space.crv	621122b044f61fd7	d64bc8843a11e758	1	0	0
266-a-reference-definition-is-anchored-at-end-of-line-10.crv	348abb00954ec05b	d0586dfd9f753401	0	0	0
266-a-reference-definition-is-anchored-at-end-of-line-11.crv	58244783136de236	1c4925a445b3a168	0	0	0
266-a-reference-definition-is-anchored-at-end-of-line-12.crv	2857a194db31fd44	05b2ffa74cfd4dcd	0	0	1
266-a-reference-definition-is-anchored-at-end-of-line-13.crv	07c16f03fa37aefa	592fb0c298a254d7	0	0	0
266-a-reference-definition-is-anchored-at-end-of-line-14.crv	935283193bd64ea7	40bf81a1c1d09b84	0	0	0
266-a-reference-definition-is-anchored-at-end-of-line-15.crv	6470f8c2125a51de	d7a0670cb01659cc	0	0	0
266-a-reference-definition-is-anchored-at-end-of-line-16.crv	02f9026d9f521d52	db5f61de939b6594	0	0	0
266-a-reference-definition-is-anchored-at-end-of-line-2.crv	2163a0eb3b73747d	4c5fdd1a650ba13b	1	0	0
266-a-reference-definition-is-anchored-at-end-of-line-3.crv	334451823a8539bf	572d582507b523ce	1	0	0
266-a-reference-definition-is-anchored-at-end-of-line-4.crv	3c544d69a233927d	6a266a2ad022ec7a	1	0	0
266-a-reference-definition-is-anchored-at-end-of-line-5.crv	aaa91ac4003449d3	dc2edaa337f0c5f5	1	0	0
266-a-reference-definition-is-anchored-at-end-of-line-6.crv	47260ba0c4014d01	de8616aa5ee5b9e4	1	0	0
266-a-reference-definition-is-anchored-at-end-of-line-7.crv	450e0b33344dff60	2d513ff4717ae875	1	0	0
266-a-reference-definition-is-anchored-at-end-of-line-8.crv	1691346ceeca4159	5045a35586d7f8d3	1	0	0
266-a-reference-definition-is-anchored-at-end-of-line-9.crv	c97e19445e543f08	98587fca7f17fb52	0	0	0
266-a-reference-definition-is-anchored-at-end-of-line.crv	0ea577508f58a42a	2c0d7d1029e0d0ae	1	0	0
267-a-definition-marker-s-separator-is-a-space-and-it-is-a-run-10.crv	ec7b2a8760598bc2	16f2dc5f701e2a3b	0	0	0
267-a-definition-marker-s-separator-is-a-space-and-it-is-a-run-2.crv	5925eb4f3b35acb8	e90a4d89d5a84846	0	0	0
267-a-definition-marker-s-separator-is-a-space-and-it-is-a-run-3.crv	1e51515d3e4d2ae4	6440dedd9a9a79e0	0	0	0
267-a-definition-marker-s-separator-is-a-space-and-it-is-a-run-4.crv	8d26044678a5efdb	374f509396dac433	0	0	0
267-a-definition-marker-s-separator-is-a-space-and-it-is-a-run-5.crv	5580cc7dd6dd71f8	6fe9450a35e6f259	0	0	0
267-a-definition-marker-s-separator-is-a-space-and-it-is-a-run-6.crv	f1cd5bc89e5a0932	e90a4d89d5a84846	0	0	0
267-a-definition-marker-s-separator-is-a-space-and-it-is-a-run-7.crv	ba839b5e5b6dddc5	9b15cb96e0652dbb	0	0	0
267-a-definition-marker-s-separator-is-a-space-and-it-is-a-run-8.crv	03eb47068453dce4	66f06c6ba2d826e4	2	0	0
267-a-definition-marker-s-separator-is-a-space-and-it-is-a-run-9.crv	4e3a326515af77bb	734546fc6a509989	2	0	0
267-a-definition-marker-s-separator-is-a-space-and-it-is-a-run.crv	3d37e31af7649e64	442bdcb1cc057692	0	0	0
268-trailing-whitespace-on-a-content-line-is-dropped-10.crv	cbd52ddc34b16faf	19056c943ddaed13	0	0	0
268-trailing-whitespace-on-a-content-line-is-dropped-11.crv	3666edf3f8455b90	eb6d252c7ec9fd70	0	0	0
268-trailing-whitespace-on-a-content-line-is-dropped-12.crv	8daed935bb62fd19	943cd0a605d2797d	0	0	0
268-trailing-whitespace-on-a-content-line-is-dropped-13.crv	d63ac2354aa78064	a5592b33574b6b1b	0	0	1
268-trailing-whitespace-on-a-content-line-is-dropped-14.crv	5d85033e403c436e	5e9bd24223554c6d	0	0	1
268-trailing-whitespace-on-a-content-line-is-dropped-2.crv	d76b63cf6454003a	653a45583297735a	0	0	0
268-trailing-whitespace-on-a-content-line-is-dropped-3.crv	a6a8ea8190e19082	d4079d1481f4cb9b	0	0	0
268-trailing-whitespace-on-a-content-line-is-dropped-4.crv	af3242420713e3e2	57bcaa020a2964f1	0	1	1
268-trailing-whitespace-on-a-content-line-is-dropped-5.crv	23960bbc5f67fa39	bd02a4b4cf89a532	0	0	1
268-trailing-whitespace-on-a-content-line-is-dropped-6.crv	25069e37e88853fe	8d6719a6f7b50da5	0	0	1
268-trailing-whitespace-on-a-content-line-is-dropped-7.crv	9fa7a94fccc551c5	fd7774c4decddcae	0	0	0
268-trailing-whitespace-on-a-content-line-is-dropped-8.crv	e7466b5578564b46	c2217c241936c88f	0	0	0
268-trailing-whitespace-on-a-content-line-is-dropped-9.crv	11fd2d5882526d80	2eedd8611f0d8e42	0	0	1
268-trailing-whitespace-on-a-content-line-is-dropped.crv	af0d6ecfa5441095	7bef267ff8a46b32	0	0	0
269-a-definition-body-opener-at-or-past-its-column-stays-structural-2.crv	d4cd3b8db66bfceb	fc9f14831ad46eaa	0	0	1
269-a-definition-body-opener-at-or-past-its-column-stays-structural-3.crv	2c5b45b5f1285c6f	130338decb42587f	0	0	1
269-a-definition-body-opener-at-or-past-its-column-stays-structural.crv	c537175c55f85101	5d349b19d0c600c0	0	0	1
27-raw-blocks.crv	1a32854a58d53a42	59b1fa3e9134dea1	0	0	1
270-a-real-div-in-a-container-and-the-flush-left-line-after-it-2.crv	624fcf319ec52050	af83398ee8351f77	1	0	1
270-a-real-div-in-a-container-and-the-flush-left-line-after-it-3.crv	88787195830fe550	8704ebf88e398236	0	0	1
270-a-real-div-in-a-container-and-the-flush-left-line-after-it.crv	3a10a5a056c18c63	b053cafc7334ae0d	1	0	1
271-the-flush-left-line-after-a-container-a-quoted-line-opened-2.crv	c5f817f499f90b6d	b2cb4221395d80ae	0	0	2
271-the-flush-left-line-after-a-container-a-quoted-line-opened-3.crv	65beaac805ec6eb5	0718509f0b9a6c44	0	0	2
271-the-flush-left-line-after-a-container-a-quoted-line-opened-4.crv	5c38a9d516763c8b	fc01fade5efdb375	1	0	1
271-the-flush-left-line-after-a-container-a-quoted-line-opened.crv	7701d40893f3ecfa	9106a5d498c9c833	1	0	1
272-an-autolink-body-admits-non-ascii-and-excludes-format-characters-10.crv	27ad550e48ad53ad	1afaeefa6a1471e4	0	0	0
272-an-autolink-body-admits-non-ascii-and-excludes-format-characters-2.crv	88873d57237aeac1	5409efbd923444e6	0	0	0
272-an-autolink-body-admits-non-ascii-and-excludes-format-characters-3.crv	8f4f16d988c13b9d	dd74734062029e6d	0	0	0
272-an-autolink-body-admits-non-ascii-and-excludes-format-characters-4.crv	06b20bbc40895bc6	7cc18278f76f74d4	0	0	0
272-an-autolink-body-admits-non-ascii-and-excludes-format-characters-5.crv	bd13ef28d45cc834	5dd7df61c8ca9312	0	0	0
272-an-autolink-body-admits-non-ascii-and-excludes-format-characters-6.crv	ed2686b756607cdc	576d77e4c48a892a	0	0	0
272-an-autolink-body-admits-non-ascii-and-excludes-format-characters-7.crv	1d195acb8dd51544	bbb9b9a10c7ba241	0	0	0
272-an-autolink-body-admits-non-ascii-and-excludes-format-characters-8.crv	13fc92c530f9e372	8c1cd02a73a565ea	0	0	0
272-an-autolink-body-admits-non-ascii-and-excludes-format-characters-9.crv	2051df6e17484e62	f0d1245b450c8f60	0	0	0
272-an-autolink-body-admits-non-ascii-and-excludes-format-characters.crv	d9cc580a743e32ea	c3fb507e24cfc0a2	0	0	0
273-the-inline-attribute-interior-is-space-only-the-attribute-line-is-not-2.crv	89da6a3a7c36daed	841e7a3e400af4b6	0	0	0
273-the-inline-attribute-interior-is-space-only-the-attribute-line-is-not-3.crv	0386ed0c10f3faf6	1dd25c2dfdb5e8c4	0	0	0
273-the-inline-attribute-interior-is-space-only-the-attribute-line-is-not.crv	d808a6779cb52a9f	5bcd18ab6e1811a1	0	0	0
274-a-quoted-attribute-value-stops-at-the-newline-2.crv	6a784b423fb9a6fa	6a49baf0e4c7435b	0	0	0
274-a-quoted-attribute-value-stops-at-the-newline-3.crv	bc3edaba9af5a6c6	532fb264c819d051	0	0	0
274-a-quoted-attribute-value-stops-at-the-newline-4.crv	20d2a979250bd364	7f462e49517199eb	0	0	0
274-a-quoted-attribute-value-stops-at-the-newline-5.crv	57e5dc83fbea1327	44d0bfb653f19e00	1	0	0
274-a-quoted-attribute-value-stops-at-the-newline.crv	ce81a7adbccdf5c7	52902b4dd1c618c4	0	0	0
275-a-collapsed-reference-reaches-a-heading-by-the-heading-s-rendered-text-10.crv	9b1388b58947c327	b447e9078ba72548	0	1	1
275-a-collapsed-reference-reaches-a-heading-by-the-heading-s-rendered-text-11.crv	e635424697d19219	d5da8c91e2edb0b5	0	1	1
275-a-collapsed-reference-reaches-a-heading-by-the-heading-s-rendered-text-2.crv	9db533f6757af53a	d344d3b209a40e58	0	1	1
275-a-collapsed-reference-reaches-a-heading-by-the-heading-s-rendered-text-3.crv	4dd3916217136cfe	291249f735f8a3bc	0	1	1
275-a-collapsed-reference-reaches-a-heading-by-the-heading-s-rendered-text-4.crv	53d2b5f3b93a4bce	226a40d8238d78da	0	1	1
275-a-collapsed-reference-reaches-a-heading-by-the-heading-s-rendered-text-5.crv	aef9650dd8975347	b18f6131f5ea0747	0	1	1
275-a-collapsed-reference-reaches-a-heading-by-the-heading-s-rendered-text-6.crv	810e70f1ab5c9c27	b312bc9a7bdd26ba	0	1	1
275-a-collapsed-reference-reaches-a-heading-by-the-heading-s-rendered-text-7.crv	556323651a3095f6	7eb29fdab903a350	0	1	1
275-a-collapsed-reference-reaches-a-heading-by-the-heading-s-rendered-text-8.crv	e160b6361e3c925a	439ed5a4b3d8b008	0	1	1
275-a-collapsed-reference-reaches-a-heading-by-the-heading-s-rendered-text-9.crv	9d435fe057278595	c37b32fa871dab4e	0	1	1
275-a-collapsed-reference-reaches-a-heading-by-the-heading-s-rendered-text.crv	dc60a36af8e300b8	1b2efa70f6cf7a05	0	1	1
276-a-fence-opened-on-a-list-marker-line-body-below-the-content-column-2.crv	ff492c7ccbd2bbcf	cd8d0277c7e95eb3	1	0	0
276-a-fence-opened-on-a-list-marker-line-body-below-the-content-column-3.crv	1d3958b72342ebe9	52234e2bde200b8b	0	0	1
276-a-fence-opened-on-a-list-marker-line-body-below-the-content-column-4.crv	308492d6cd144acb	162ec50d9753aaa2	0	0	0
276-a-fence-opened-on-a-list-marker-line-body-below-the-content-column-5.crv	644bbf49fdeb340a	e1a63c5f6cfc5474	0	0	0
276-a-fence-opened-on-a-list-marker-line-body-below-the-content-column-6.crv	e0723680dc938f81	ac869163b8c075a9	1	0	1
276-a-fence-opened-on-a-list-marker-line-body-below-the-content-column-7.crv	efacef526afb5d86	63b3c4a3d7e9bc04	1	0	1
276-a-fence-opened-on-a-list-marker-line-body-below-the-content-column.crv	f8c8274f2da896b5	9c43ed88d53f7348	0	0	0
277-a-below-column-marker-after-a-comment-where-no-paragraph-is-open-2.crv	cf94e344db1bd348	0271a75693aafeea	0	0	1
277-a-below-column-marker-after-a-comment-where-no-paragraph-is-open-3.crv	514130ea116a7a38	da4271fc34a89cb4	0	0	1
277-a-below-column-marker-after-a-comment-where-no-paragraph-is-open-4.crv	ea37ac03536b2d94	eb8ab62835dfd38b	0	0	1
277-a-below-column-marker-after-a-comment-where-no-paragraph-is-open-5.crv	c4a56962df1445c8	1f49046c07589826	0	0	1
277-a-below-column-marker-after-a-comment-where-no-paragraph-is-open.crv	1d471ac301447b56	d30270565860d575	0	0	1
278-a-list-marker-at-the-content-column-inside-an-open-fence-2.crv	4df421a1c0532651	1730c8f1acfe3b40	0	0	1
278-a-list-marker-at-the-content-column-inside-an-open-fence.crv	e715c6c8838068be	27ee754945deeec6	0	0	1
279-a-boundary-line-inside-an-open-fence-does-not-end-the-container-10.crv	d41e0179b0efc40f	d58e3373225fc4c8	0	0	1
279-a-boundary-line-inside-an-open-fence-does-not-end-the-container-11.crv	db7b0e23ce0b4b54	ed614f7a2aba94fe	0	0	1
279-a-boundary-line-inside-an-open-fence-does-not-end-the-container-2.crv	e68f269672836d84	27b8962982e73326	0	0	0
279-a-boundary-line-inside-an-open-fence-does-not-end-the-container-3.crv	85f88f05e0376375	d6b4087003bc9732	0	0	1
279-a-boundary-line-inside-an-open-fence-does-not-end-the-container-4.crv	4048b2a9235cf3ee	44c64271fcc85919	1	0	2
279-a-boundary-line-inside-an-open-fence-does-not-end-the-container-5.crv	3d839bac3ed457e2	848b0bcd37a6b74f	0	0	1
279-a-boundary-line-inside-an-open-fence-does-not-end-the-container-6.crv	1a0965f618fafc9d	c50c24228ca8c2a2	0	0	1
279-a-boundary-line-inside-an-open-fence-does-not-end-the-container-7.crv	c7427c8a3ad7f5d2	d87794a25fa7b54c	0	0	1
279-a-boundary-line-inside-an-open-fence-does-not-end-the-container-8.crv	b4c210b41fdb44a8	0368a9388094f49f	0	0	1
279-a-boundary-line-inside-an-open-fence-does-not-end-the-container-9.crv	df25b178318864be	25c10288f8c56cf2	0	0	1
279-a-boundary-line-inside-an-open-fence-does-not-end-the-container.crv	0c283572b42619bd	db4eac30e14b36d7	0	0	0
28-hard-line-breaks.crv	53059cda77138787	e0d7f44f6d8cce02	0	0	0
280-a-container-a-lazy-line-folded-into-is-still-open-2.crv	5865cace432772b2	fb8c78d47b4d47fb	1	0	1
280-a-container-a-lazy-line-folded-into-is-still-open-3.crv	eb8440c41adb5b63	af66fb9f07e560f5	0	0	1
280-a-container-a-lazy-line-folded-into-is-still-open-4.crv	ebfad79e1295b20c	5aa0d34a4b00ebe9	0	0	1
280-a-container-a-lazy-line-folded-into-is-still-open-5.crv	95cac4a1bf2e53c2	b062ee85060dda25	1	0	1
280-a-container-a-lazy-line-folded-into-is-still-open.crv	f3e86928c22eb592	225e4f77b5661c5b	0	0	1
281-a-caption-attaches-across-one-blank-line-2.crv	792c673ff5407b62	9bc796d1320b395c	0	0	1
281-a-caption-attaches-across-one-blank-line-3.crv	794ec310d7bc3ca6	28f8ad0c64ae2578	0	0	1
281-a-caption-attaches-across-one-blank-line-4.crv	783e2adc17e1f423	9c20f274288c3126	0	0	1
281-a-caption-attaches-across-one-blank-line-5.crv	3e3bbec249243dc8	36c113886fee1ef6	0	0	1
281-a-caption-attaches-across-one-blank-line-6.crv	9b6d336d651fc73c	9c8c896b9e18a934	0	0	1
281-a-caption-attaches-across-one-blank-line-7.crv	ba4820e81b38f66a	59939b040e9c409b	0	0	1
281-a-caption-attaches-across-one-blank-line-8.crv	57b970ba8731f83d	44dbbca642d1f076	0	0	1
281-a-caption-attaches-across-one-blank-line.crv	3cbd4c8b7c70f05d	051d035be7d6bc20	0	0	1
282-two-blank-lines-detach-a-caption-10.crv	612fefba5adb7461	65cf85a0496f6007	0	0	0
282-two-blank-lines-detach-a-caption-2.crv	91948c11b12f47c3	ae823359795cbafb	0	0	1
282-two-blank-lines-detach-a-caption-3.crv	2becfa656b291236	edfa72c7eaecb9e7	0	0	1
282-two-blank-lines-detach-a-caption-4.crv	31fed900e62dc7cb	85fd180d30981edf	0	0	1
282-two-blank-lines-detach-a-caption-5.crv	ac389c61890524ce	8f8b7b8bc13b9efd	0	0	1
282-two-blank-lines-detach-a-caption-6.crv	ba9db2d7dc23a570	478c4f9dbdf11647	0	0	0
282-two-blank-lines-detach-a-caption-7.crv	f562ec1eae663098	9a55a502e9195f17	0	0	1
282-two-blank-lines-detach-a-caption-8.crv	1bbef8b727a02273	42efb6b2b6cc97a1	0	0	0
282-two-blank-lines-detach-a-caption-9.crv	d8cd736aee8587e9	6149c9872c5824ae	0	0	1
282-two-blank-lines-detach-a-caption.crv	deb69d72856cf505	683179e1ca4912f5	0	0	1
283-an-empty-footnote-body-is-written-with-the-empty-sentinel.crv	841aa59dcd974701	e06beac8d4a56bee	0	0	0
284-a-ragged-table-keeps-each-row-s-cell-count-2.crv	b54311384b78743e	f4b283350ea0d8af	0	0	1
284-a-ragged-table-keeps-each-row-s-cell-count-3.crv	eaa4f134378c3705	b3e04b5bfe9dfbec	0	0	1
284-a-ragged-table-keeps-each-row-s-cell-count.crv	c651bbd61a63eb6d	fbc264939bd851b6	0	0	1
285-adjacent-block-openers-in-an-attached-run-stay-separate-2.crv	a347084a8a4e0c97	2cf81c24de818721	0	0	1
285-adjacent-block-openers-in-an-attached-run-stay-separate.crv	36e3100ea0bea3bb	cc059f3f2d7a0c36	0	0	1
286-a-caret-line-does-not-end-a-paragraph-it-cannot-caption-2.crv	c5bbc30f4b52097a	1d3408ee6cf9a6d3	0	0	0
286-a-caret-line-does-not-end-a-paragraph-it-cannot-caption-3.crv	d93c4598570dce16	9ed242c81c570e6c	0	0	1
286-a-caret-line-does-not-end-a-paragraph-it-cannot-caption-4.crv	7167efc0d7881f6a	7f38f06ef2432e94	0	0	1
286-a-caret-line-does-not-end-a-paragraph-it-cannot-caption.crv	6863e5f76fda1db6	51e299d50f3785f7	0	0	0
287-a-column-zero-definition-ends-an-open-list-item-2.crv	2bea345ba46e4bc7	5ecfdc6d7daee993	0	0	0
287-a-column-zero-definition-ends-an-open-list-item-3.crv	74b1c01cd5429dee	54a7fbb3faf05c84	0	0	1
287-a-column-zero-definition-ends-an-open-list-item-4.crv	542e929103320ac6	6b936c429d11d3cd	0	0	1
287-a-column-zero-definition-ends-an-open-list-item.crv	4267e7aec9160665	3d0995e74ec096ec	0	0	1
288-heading-index-plain-text-covers-visible-leaves-and-rejects-an-empty-key-2.crv	5f24fa5fa3594852	68868fe8c2833ee6	0	1	1
288-heading-index-plain-text-covers-visible-leaves-and-rejects-an-empty-key-3.crv	17e8340f1aa10d67	dafcc43d34a8fba4	0	1	1
288-heading-index-plain-text-covers-visible-leaves-and-rejects-an-empty-key-4.crv	d4dc4bfb7e42143e	bf6c135c1186c6f5	1	1	1
288-heading-index-plain-text-covers-visible-leaves-and-rejects-an-empty-key.crv	01566e3ced5ccf79	9d477a05592ae6d9	0	1	1
289-a-structural-attribute-leads-the-author-s-own-2.crv	7870ba087d7f61b0	10930c7b9e469662	0	0	0
289-a-structural-attribute-leads-the-author-s-own.crv	5e0a87db9712658d	abaad702dd292dd7	0	0	0
29-non-breaking-space-2.crv	b55119b31e67d06d	e58228e5924c9d62	0	0	0
29-non-breaking-space-3.crv	aafcb2f80e770477	10939e2c32bb9752	0	0	0
29-non-breaking-space.crv	b6cbe37920825b96	e05cf5972385fef8	0	0	0
290-adjacent-sibling-lists-survive-the-round-trip-2.crv	c95981274ec2f978	104dbbfc5612bc6d	0	0	0
290-adjacent-sibling-lists-survive-the-round-trip-3.crv	4ad6f056a58a7d1b	7ecccd7d4e3b9c1a	0	0	0
290-adjacent-sibling-lists-survive-the-round-trip.crv	b0c3062fd8fbc15a	0ebcb2399e1e85fa	0	0	0
291-a-fence-keeps-the-blank-line-at-the-end-of-its-content-2.crv	28b8586f6fb2692a	9721f1f23c9f9919	0	0	1
291-a-fence-keeps-the-blank-line-at-the-end-of-its-content-3.crv	54f16d40ed819ba8	4b22099e915706fe	0	0	2
291-a-fence-keeps-the-blank-line-at-the-end-of-its-content-4.crv	0fc8495241b606df	660141b1779cbb32	0	0	1
291-a-fence-keeps-the-blank-line-at-the-end-of-its-content.crv	f48b8fc789d19a16	e7b5b15a0e578ab4	0	0	1
292-a-boolean-and-a-key-value-of-the-same-name-are-one-attribute-2.crv	4721676a976e755a	ec9c5fd72ea3508c	0	0	0
292-a-boolean-and-a-key-value-of-the-same-name-are-one-attribute-3.crv	c94efe57f164d8ad	7e3a92ada55ea4f8	0	0	0
292-a-boolean-and-a-key-value-of-the-same-name-are-one-attribute.crv	75833e73605378d6	b9fcdcc519d528b7	0	0	0
293-a-semantic-name-renames-the-span-and-the-leftovers-ride-the-element-2.crv	f6c49fbf461725c1	ce6c4c633297c704	0	0	0
293-a-semantic-name-renames-the-span-and-the-leftovers-ride-the-element-3.crv	3dc071b399f09543	90fce4a81dc8e9ba	0	0	0
293-a-semantic-name-renames-the-span-and-the-leftovers-ride-the-element-4.crv	e02305e8e3179070	3a0a6d4dca19da66	0	0	0
293-a-semantic-name-renames-the-span-and-the-leftovers-ride-the-element.crv	07b11cde3f3e1753	308ebb4e61ce60e3	0	0	0
294-a-language-attribute-is-exact-sugar-for-lang-2.crv	4d0743eb83b79957	0efadf4fe3249908	0	0	0
294-a-language-attribute-is-exact-sugar-for-lang-3.crv	33d900f0b05d5b50	7bda2a10c72fa6a5	0	0	0
294-a-language-attribute-is-exact-sugar-for-lang-4.crv	5fedfb8645858839	1ff7e71eb675e3e6	0	0	0
294-a-language-attribute-is-exact-sugar-for-lang-5.crv	1d96b1b0a1b5ff1e	b9498fbf7f59bbc3	0	0	0
294-a-language-attribute-is-exact-sugar-for-lang.crv	dfc6a965614daef4	1e3ba8e2e2257528	0	0	0
295-a-malformed-language-tag-leaves-the-whole-block-literal-2.crv	d0dc7d4759cef68e	5a5d5b49f0b59854	0	0	0
295-a-malformed-language-tag-leaves-the-whole-block-literal-3.crv	43587faf2ed87ca0	bde218b1f5ddbe6c	0	0	0
295-a-malformed-language-tag-leaves-the-whole-block-literal-4.crv	f62b13f953baf3b8	8423db18c865e1d1	0	0	0
295-a-malformed-language-tag-leaves-the-whole-block-literal.crv	d1a3a36ff3ae1bc6	5872c837eff382e9	0	0	0
296-a-language-attribute-and-lang-are-one-key-2.crv	cfe16ab769c02fcd	bb1420ef5f29eca8	0	0	0
296-a-language-attribute-and-lang-are-one-key-3.crv	db722f0e1be012b6	5e8b7062a39a43c7	0	0	0
296-a-language-attribute-and-lang-are-one-key-4.crv	f738f73ac8ea0a86	bb942d902e9e864b	0	0	0
296-a-language-attribute-and-lang-are-one-key-5.crv	89c280e491712e41	a032c8ae821e9208	0	0	0
296-a-language-attribute-and-lang-are-one-key.crv	701b1c6436909cf3	523f19c0ffa3d157	0	0	0
297-the-language-sigil-takes-no-padding-2.crv	d7dd1ba1e4bf1f5e	acda0b21b1a0b48a	0	0	0
297-the-language-sigil-takes-no-padding.crv	59985ff3bc7cc182	a7bfca1b1970dd74	0	0	0
298-a-boolean-lang-is-the-third-spelling-of-the-same-key-2.crv	7564424118fbf66b	8d7b9e5d39279558	0	0	0
298-a-boolean-lang-is-the-third-spelling-of-the-same-key.crv	91d02f833bee6b89	c580ef0f4e28e586	0	0	0
299-the-semantic-registry-holds-no-element-carve-already-spells-2.crv	1af059cd45b5ae11	9970ef91b0b47350	0	0	0
299-the-semantic-registry-holds-no-element-carve-already-spells-3.crv	004791d528d02ba5	02fc12a103ed2f32	0	0	0
299-the-semantic-registry-holds-no-element-carve-already-spells-4.crv	dea81217ce45efcf	0b3e2ba158072734	0	0	0
299-the-semantic-registry-holds-no-element-carve-already-spells.crv	9567e78252c508d5	1e3dfa3adbc8fe96	0	0	0
30-raw-inline.crv	a2e758ce92816fd8	6bf6094b9a47b92d	0	0	0
300-two-attributes-need-a-separator-between-them-2.crv	861b886c3efd14b4	62a29d530952e85b	0	0	0
300-two-attributes-need-a-separator-between-them-3.crv	d343296a57333e03	0c611713dd2de130	0	0	0
300-two-attributes-need-a-separator-between-them-4.crv	5f78a7b97d037e1e	5d89de30e67a9806	0	0	0
300-two-attributes-need-a-separator-between-them.crv	f6e22b6b3e659b4b	6e795deccd97bc21	0	0	0
301-a-derived-title-yields-to-an-authored-one-2.crv	4c74172004d960cd	58eb6cdf226e8910	0	0	0
301-a-derived-title-yields-to-an-authored-one.crv	9625843f04c364bd	e4461bc88511d0ba	0	0	0
302-a-math-span-s-base-class-keeps-the-class-slot-in-place-2.crv	771363ee222476ed	c6298b7932f8a37b	0	0	0
302-a-math-span-s-base-class-keeps-the-class-slot-in-place.crv	537639fbecec293f	d4d45d67d052d4a1	0	0	0
303-a-marker-glued-to-a-name-opens-nothing-2.crv	06c6cef42c190a41	e72b9d0c50137893	0	0	0
303-a-marker-glued-to-a-name-opens-nothing-3.crv	ca28fb93fe024343	7ee8a4951f8d856c	0	0	0
303-a-marker-glued-to-a-name-opens-nothing.crv	5b8496f974989b0c	1dd90cd8665203f7	0	0	0
304-an-angle-bracket-is-escaped-only-where-it-opens-markup.crv	a5c20219a50decd0	76333f956e9dceba	0	0	0
305-an-abbreviation-expands-inside-an-inline-container-2.crv	efca8b9d03985f1c	86e2421c79b2962e	0	0	0
305-an-abbreviation-expands-inside-an-inline-container-3.crv	21c418954be50f24	55929123decc3d53	0	0	0
305-an-abbreviation-expands-inside-an-inline-container-4.crv	d992f5e9504ed26e	1e4fdae5332993b8	0	0	0
305-an-abbreviation-expands-inside-an-inline-container-5.crv	814fd924089a8a1f	03cd68bb0c3b5dd5	0	0	0
305-an-abbreviation-expands-inside-an-inline-container.crv	00c151ac0831af6c	4601ccda16f0738e	0	0	0
306-a-captioned-quote-holds-more-than-one-block-2.crv	2514624b1dfc7409	dc81bca70fdb4959	0	0	1
306-a-captioned-quote-holds-more-than-one-block-3.crv	ee08aafb6113fd50	8564678527284f28	0	0	1
306-a-captioned-quote-holds-more-than-one-block-4.crv	8353fa32fae14813	4f118e53dc538900	0	0	1
306-a-captioned-quote-holds-more-than-one-block-5.crv	755ba23d35d66a02	666ba2a3d5192c65	0	1	1
306-a-captioned-quote-holds-more-than-one-block.crv	12fd9ffc51f92bfd	829cd62469ac669a	0	0	1
307-an-empty-inline-note-is-literal-2.crv	d4ae1f7d1147e6fd	87aa8fb4c07a9154	0	0	0
307-an-empty-inline-note-is-literal-3.crv	09360576a74837f8	b444ad1cef390ed0	0	0	0
307-an-empty-inline-note-is-literal.crv	87bd2a10f9200d4a	bfc23a09f32f6a61	0	0	0
308-a-multi-letter-ordered-marker-opens-no-list-2.crv	01986ccfc3b92948	55aa23154706961f	0	0	0
308-a-multi-letter-ordered-marker-opens-no-list.crv	78eaa18fb7aa8e37	ed4aa824ede4f673	0	0	0
309-a-note-s-content-recognizes-no-note-2.crv	0ee11b2151d9f03c	fdbe2864748e5cb7	1	0	0
309-a-note-s-content-recognizes-no-note-3.crv	49db2f2db00fc0dc	ad2a849dbda5ffc7	0	0	0
309-a-note-s-content-recognizes-no-note-4.crv	9756849b21adcc39	172d5a0b52ef9345	1	0	0
309-a-note-s-content-recognizes-no-note.crv	da4a47f3670468d2	ab29e0a2e9b9d7d6	0	0	0
31-ordered-list-start-and-delimiter-2.crv	49ce96376cd84614	8a7298af51c0a27d	0	0	1
31-ordered-list-start-and-delimiter.crv	0e0e064214a9ff5f	4dbaf10129b3ba9e	0	0	1
310-a-footnote-in-link-text-nests-the-anchors-2.crv	7e85126acdecab01	f016c78297143e8b	0	0	0
310-a-footnote-in-link-text-nests-the-anchors.crv	cd4a3183ffafaed7	89c38d2f9a34c44d	0	0	0
311-a-footnote-in-reference-link-text-nests-the-anchors-too-2.crv	17387cdfe6929eae	dd415904769ab5cd	0	0	0
311-a-footnote-in-reference-link-text-nests-the-anchors-too-3.crv	2beafc6d6a3d8068	efea711567e72d87	0	0	0
311-a-footnote-in-reference-link-text-nests-the-anchors-too.crv	61648b1fdeb724f7	a898d831ad2c4a46	0	0	0
312-a-note-body-s-own-references-resolve-2.crv	932ca6926430919d	c130b9dc156df95c	0	0	0
312-a-note-body-s-own-references-resolve-3.crv	0bf5533225727d33	18e0a1658f05fabb	0	0	0
312-a-note-body-s-own-references-resolve.crv	1d593c2313924ca2	d0d1631b745a30c0	0	0	0
313-a-reference-link-s-text-survives-its-own-frame-2.crv	47c1f8c23755c3c7	f0159da4a4e78178	0	0	0
313-a-reference-link-s-text-survives-its-own-frame-3.crv	5f78eed5b2389c01	c71c72f8e9413266	0	0	0
313-a-reference-link-s-text-survives-its-own-frame-4.crv	2e07dd30bbdafb76	9f4de07b6610630c	0	0	0
313-a-reference-link-s-text-survives-its-own-frame.crv	dfafc53779d85165	eccad7c7af3ca80d	1	0	0
314-a-footnote-in-an-unresolved-reference-is-not-a-reference-2.crv	fec8a9dd92a36c81	f5dd00d1e72fa3f6	1	0	0
314-a-footnote-in-an-unresolved-reference-is-not-a-reference-3.crv	1c82afd05e6d48e3	1722f044fe221f56	1	0	0
314-a-footnote-in-an-unresolved-reference-is-not-a-reference-4.crv	2eedc1b0f4bc4b51	619febecb6b4b6b4	0	0	0
314-a-footnote-in-an-unresolved-reference-is-not-a-reference.crv	09e499d4aca08d49	5a016b43365b2864	1	0	0
315-an-inline-note-s-content-resolves-after-the-note-2.crv	eaaeff4e1d283bec	208257e3401c6997	1	0	0
315-an-inline-note-s-content-resolves-after-the-note-3.crv	40e764870dcebbbf	18066ff07db9c90b	0	0	0
315-an-inline-note-s-content-resolves-after-the-note-4.crv	1acf730c8254ea1e	295afc0f8df35ce9	0	0	0
315-an-inline-note-s-content-resolves-after-the-note-5.crv	5b73eda8dbd37e93	23ee4e90417ca27d	0	1	1
315-an-inline-note-s-content-resolves-after-the-note-6.crv	c4d897f0246012cc	19be6758489a048a	0	1	1
315-an-inline-note-s-content-resolves-after-the-note-7.crv	04303090bf476fcc	cd0f6b2711102247	0	1	1
315-an-inline-note-s-content-resolves-after-the-note.crv	825e3e781352bba6	5c91c2b7784dae8b	0	1	1
316-an-image-s-alt-text-closes-where-a-link-s-text-closes-2.crv	be2985452c324c5c	54cfaf25b5b1c353	0	0	0
316-an-image-s-alt-text-closes-where-a-link-s-text-closes-3.crv	988feaaca94cb50a	3f4614b2fedaf0e0	0	0	0
316-an-image-s-alt-text-closes-where-a-link-s-text-closes-4.crv	5df6eeedbefa9c64	c112286ff0996a5b	0	0	0
316-an-image-s-alt-text-closes-where-a-link-s-text-closes-5.crv	02fbb9748d10d041	b84c18af4ace8f00	0	0	0
316-an-image-s-alt-text-closes-where-a-link-s-text-closes-6.crv	5554ca62cbb9a20c	402760d152e0403a	0	0	0
316-an-image-s-alt-text-closes-where-a-link-s-text-closes-7.crv	7ac74a8b2299a57d	a0263cdddc4c7a03	0	0	1
316-an-image-s-alt-text-closes-where-a-link-s-text-closes-8.crv	4530633903a36611	34df45a8854b1b54	0	0	0
316-an-image-s-alt-text-closes-where-a-link-s-text-closes.crv	3065b84e2387a9cc	2a6874018e7f30a2	0	0	0
317-an-editorial-comment-s-bracket-is-content-not-the-close-2.crv	97c615c7d6604ae5	4504400c66c244f5	0	0	0
317-an-editorial-comment-s-bracket-is-content-not-the-close-3.crv	39aad093f891b8c5	5a4dde8d26d3f220	0	0	0
317-an-editorial-comment-s-bracket-is-content-not-the-close-4.crv	bd72f2ca66750253	0ef367105a9dd1ee	0	0	0
317-an-editorial-comment-s-bracket-is-content-not-the-close.crv	eec290e53d5e46a8	d37d6ef18d7ad192	0	0	0
318-composite-figures-10.crv	f002b1da9862fae9	fc7c76c5d8085e89	0	1	5
318-composite-figures-11.crv	44fd7e2bffab2b2c	4c1fd9c5fda8e920	1	1	3
318-composite-figures-2.crv	792b4d5f181951f7	fb2e1231d6d8a266	0	1	4
318-composite-figures-3.crv	451ecd5440bcefd4	d196d86885042880	0	1	3
318-composite-figures-4.crv	07e8a224154b5fef	9b4355c3beaa0dec	1	1	2
318-composite-figures-5.crv	4828112cb58b6565	dc1dc150a1410a3d	0	1	3
318-composite-figures-6.crv	d2fb3ecfcb63458a	e9c1012e25f8b22d	1	1	2
318-composite-figures-7.crv	d044cfd59fdcf32d	f939456f5ed9a8d3	0	0	1
318-composite-figures-8.crv	bdcfbaa5c853139f	474f0638ff40482c	2	0	3
318-composite-figures-9.crv	335500c212eaf40d	5c740d26ab56d4e5	2	1	3
318-composite-figures.crv	6b43a65d348064f4	a08ca682a8392d18	0	1	3
319-cell-attributes-bind-after-the-kind-and-alignment-markers-2.crv	a6574bf0e95d93b6	78363349d6ddd30f	1	0	1
319-cell-attributes-bind-after-the-kind-and-alignment-markers-3.crv	a2362ec70347df4e	5058b04123f38455	0	0	1
319-cell-attributes-bind-after-the-kind-and-alignment-markers-4.crv	72b671a4160c5ecc	d4123bbc5b7311bc	0	0	0
319-cell-attributes-bind-after-the-kind-and-alignment-markers-5.crv	8ac83c17f236525c	55d094e29d8e1d99	0	0	0
319-cell-attributes-bind-after-the-kind-and-alignment-markers-6.crv	3e69ecc27756f959	3e08dc6cf9e9f75f	2	0	1
319-cell-attributes-bind-after-the-kind-and-alignment-markers.crv	dcbfb7aa1018dbd3	8fca73686570aaf9	0	0	1
32-ordered-list-dialects-2.crv	db4b913f0ca4e051	e13cfe16e9ab13f1	0	0	1
32-ordered-list-dialects.crv	5149cb7bcd731870	bcc546519097fcb3	0	0	1
320-the-canonical-writer-glues-a-code-fence-to-its-info-string-2.crv	aea9fb74f9cbccb1	899c455263b4a026	0	0	1
320-the-canonical-writer-glues-a-code-fence-to-its-info-string.crv	9c280a0ce3124f6e	35801d65ab001988	0	0	1
321-delimited-comments-2.crv	573ce87ebe07b487	e14e3199c2c46a64	0	0	0
321-delimited-comments-3.crv	75f14811644fd21a	ca9402b62e95fffb	0	0	1
321-delimited-comments-4.crv	20848672c273ddf5	0e3a458315a8c5ae	0	0	0
321-delimited-comments-5.crv	0a21747f782d12c2	7eb0e83cfe43119e	0	0	0
321-delimited-comments-6.crv	a7c064d004d30e87	738771f9fe85214c	0	0	0
321-delimited-comments-7.crv	4eaf5127a43b9a64	233aa50e9f80d9c4	0	0	0
321-delimited-comments-8.crv	61fa5f376fcc0c92	57b48eb9bc27b650	0	0	1
321-delimited-comments.crv	9257a86b926d3ee3	4d33912007ee5952	0	0	0
322-an-attribute-block-reaches-the-nested-list-it-precedes-10.crv	86e074aedab5fcea	70de146b02a9575e	0	0	1
322-an-attribute-block-reaches-the-nested-list-it-precedes-2.crv	8cded8d97f2ca755	bdb28414888e0c74	0	0	1
322-an-attribute-block-reaches-the-nested-list-it-precedes-3.crv	99d62aca82879417	6b36b23bd65b1cfb	0	0	1
322-an-attribute-block-reaches-the-nested-list-it-precedes-4.crv	bf00d499eaad5501	d74f668dac4a7554	0	0	0
322-an-attribute-block-reaches-the-nested-list-it-precedes-5.crv	dbf826ac945be98e	f8bccde138ec2cf3	0	0	1
322-an-attribute-block-reaches-the-nested-list-it-precedes-6.crv	cfb0b541160c3425	cc8c98ec97f64690	0	0	1
322-an-attribute-block-reaches-the-nested-list-it-precedes-7.crv	5f37ae04d837f194	5af54dc77aa47b35	0	0	1
322-an-attribute-block-reaches-the-nested-list-it-precedes-8.crv	e7675db04605b768	9372ac867046d0e8	0	0	1
322-an-attribute-block-reaches-the-nested-list-it-precedes-9.crv	bbc4e5cdb2304132	f9b0b54c2db07d80	1	0	1
322-an-attribute-block-reaches-the-nested-list-it-precedes.crv	0669eed7c32ea3bd	88f88a7d1d05cc90	0	0	1
323-a-block-attached-after-an-invisible-line-leaves-the-item-tight-2.crv	a9565d6a022ee8b8	1356fd6067359c39	0	0	1
323-a-block-attached-after-an-invisible-line-leaves-the-item-tight-3.crv	b2691934bf1897f6	a98c558c5704a581	0	0	1
323-a-block-attached-after-an-invisible-line-leaves-the-item-tight-4.crv	48cb0d5a42b17776	8427b97aeb26102e	0	0	1
323-a-block-attached-after-an-invisible-line-leaves-the-item-tight-5.crv	a3bcb0ecb3bd31f8	8fac5327d60ff9ef	0	0	1
323-a-block-attached-after-an-invisible-line-leaves-the-item-tight.crv	f3dab383194ac172	3151548d864e1b20	0	0	1
324-an-abbreviation-definition-in-an-item-body-is-paragraph-text-2.crv	aa2f81612a071b44	620e82d06e24364a	0	0	1
324-an-abbreviation-definition-in-an-item-body-is-paragraph-text-3.crv	c166235ef0e34552	474d0f9146f0b2b2	0	0	1
324-an-abbreviation-definition-in-an-item-body-is-paragraph-text-4.crv	4920097da418a8e8	3d2bb6939cd1d7e1	0	0	0
324-an-abbreviation-definition-in-an-item-body-is-paragraph-text-5.crv	7c234c44f636bb84	f04fbe9809c776fa	0	0	0
324-an-abbreviation-definition-in-an-item-body-is-paragraph-text.crv	890be332943459a6	773871e79e2e8bb5	0	0	1
325-an-attribute-line-after-a-continuation-marker-attributes-the-attached-block-2.crv	21091528b16bb274	dd0ea74f72a9e30c	0	0	1
325-an-attribute-line-after-a-continuation-marker-attributes-the-attached-block-3.crv	644d2af336301bf5	db532b27219a4607	0	0	1
325-an-attribute-line-after-a-continuation-marker-attributes-the-attached-block-4.crv	54b39e5d835520f0	7797b516ac34e59b	0	0	1
325-an-attribute-line-after-a-continuation-marker-attributes-the-attached-block.crv	ea173c0b32723cbe	ab4f104074f2f032	0	0	1
326-a-column-0-line-after-a-container-s-last-block-when-that-block-left-no-paragraph-open-10.crv	21c7289db19e2bc3	955ef9bf07912f26	0	0	1
326-a-column-0-line-after-a-container-s-last-block-when-that-block-left-no-paragraph-open-11.crv	44ff3138f943326c	05aac6d3692c2737	0	0	0
326-a-column-0-line-after-a-container-s-last-block-when-that-block-left-no-paragraph-open-12.crv	c027087492e72e8f	4ed0323f85e48927	0	0	1
326-a-column-0-line-after-a-container-s-last-block-when-that-block-left-no-paragraph-open-13.crv	546fca462de7a4d0	619801a40e9b75ea	0	0	1
326-a-column-0-line-after-a-container-s-last-block-when-that-block-left-no-paragraph-open-14.crv	dbb5b2fcbaf1b1f4	7e4e177c3b82c8e1	0	0	0
326-a-column-0-line-after-a-container-s-last-block-when-that-block-left-no-paragraph-open-15.crv	867622a66cebeb5a	7a5ff458e3877d3a	0	0	0
326-a-column-0-line-after-a-container-s-last-block-when-that-block-left-no-paragraph-open-16.crv	10cb9bc735fc0e3f	b831f143da5364cd	0	0	0
326-a-column-0-line-after-a-container-s-last-block-when-that-block-left-no-paragraph-open-17.crv	0b6355ea9ce28d4a	e69611c002d510a4	0	0	1
326-a-column-0-line-after-a-container-s-last-block-when-that-block-left-no-paragraph-open-18.crv	7f76232366f9c1e6	fc1e778978495d55	0	0	1
326-a-column-0-line-after-a-container-s-last-block-when-that-block-left-no-paragraph-open-19.crv	393c4ced5653dae4	4f5f838a4b72403a	0	0	1
326-a-column-0-line-after-a-container-s-last-block-when-that-block-left-no-paragraph-open-2.crv	6ec61781d8b59e52	7e5b3d9f87b1a881	0	1	1
326-a-column-0-line-after-a-container-s-last-block-when-that-block-left-no-paragraph-open-20.crv	10b3ca4ebf679f0c	7f2592bc6be66412	0	0	1
326-a-column-0-line-after-a-container-s-last-block-when-that-block-left-no-paragraph-open-21.crv	8f834eb3c28948aa	093062f032623aa0	1	0	0
326-a-column-0-line-after-a-container-s-last-block-when-that-block-left-no-paragraph-open-22.crv	708b38540c6639d0	69dce52f68d44036	1	0	0
326-a-column-0-line-after-a-container-s-last-block-when-that-block-left-no-paragraph-open-23.crv	39ef96735a31dde4	e2b50f33e0b40f59	0	0	1
326-a-column-0-line-after-a-container-s-last-block-when-that-block-left-no-paragraph-open-24.crv	fa6c5c661da887de	9f11136018ff98a1	0	0	1
326-a-column-0-line-after-a-container-s-last-block-when-that-block-left-no-paragraph-open-25.crv	8fc2888561e2576c	17e736fdcb0e3a95	0	0	1
326-a-column-0-line-after-a-container-s-last-block-when-that-block-left-no-paragraph-open-26.crv	7e771868fafa63cc	b126b4025709da90	1	0	1
326-a-column-0-line-after-a-container-s-last-block-when-that-block-left-no-paragraph-open-27.crv	40591d028c554339	a2553833e72eec96	0	0	1
326-a-column-0-line-after-a-container-s-last-block-when-that-block-left-no-paragraph-open-28.crv	a6ae355d86292d54	adaf6001b4d6b05d	1	0	1
326-a-column-0-line-after-a-container-s-last-block-when-that-block-left-no-paragraph-open-29.crv	f6f0366ac9acc436	f01ed0b387123d3c	0	0	1
326-a-column-0-line-after-a-container-s-last-block-when-that-block-left-no-paragraph-open-3.crv	14cde5b6b7067145	23f847bda4503d23	0	0	0
326-a-column-0-line-after-a-container-s-last-block-when-that-block-left-no-paragraph-open-4.crv	2909cb9230d3b277	8311625117dfc4b0	0	0	0
326-a-column-0-line-after-a-container-s-last-block-when-that-block-left-no-paragraph-open-5.crv	273e37feecea25b5	ef81e9f35eda2254	0	0	0
326-a-column-0-line-after-a-container-s-last-block-when-that-block-left-no-paragraph-open-6.crv	40d9d4393786a85e	3a9306a4dc79863f	0	0	0
326-a-column-0-line-after-a-container-s-last-block-when-that-block-left-no-paragraph-open-7.crv	2f654e0544b80c3c	38b4e04a5dc4ba67	0	0	0
326-a-column-0-line-after-a-container-s-last-block-when-that-block-left-no-paragraph-open-8.crv	21d07311b6295cfa	9a46e9e20365bc15	0	0	0
326-a-column-0-line-after-a-container-s-last-block-when-that-block-left-no-paragraph-open-9.crv	b22a1a6f71507845	c3d99274377ccc9b	1	0	0
326-a-column-0-line-after-a-container-s-last-block-when-that-block-left-no-paragraph-open.crv	7a5a6fd16d63ad00	02ffca2dfc7537e7	0	0	0
327-a-continuation-marker-attaches-one-block-and-the-boundary-is-that-block-s-extent-2.crv	c05b0eab00226244	4b379b5b6a7cbbcb	0	0	1
327-a-continuation-marker-attaches-one-block-and-the-boundary-is-that-block-s-extent-3.crv	dc84b8926b4b0ea8	50bb8aefaed5212f	0	0	1
327-a-continuation-marker-attaches-one-block-and-the-boundary-is-that-block-s-extent-4.crv	5bdaa31067e42721	bbb794cfd1d13b61	0	0	1
327-a-continuation-marker-attaches-one-block-and-the-boundary-is-that-block-s-extent-5.crv	7e7b7c1bb42c0339	22991e9a6fba6203	0	0	1
327-a-continuation-marker-attaches-one-block-and-the-boundary-is-that-block-s-extent-6.crv	89b6a7c98c351490	b64c92b5ba8d97bb	0	0	1
327-a-continuation-marker-attaches-one-block-and-the-boundary-is-that-block-s-extent-7.crv	ebafd327027e505b	f3df578640155efe	0	0	1
327-a-continuation-marker-attaches-one-block-and-the-boundary-is-that-block-s-extent-8.crv	efbb810daaa9fedb	ee0bf4bde8bd6de4	0	1	2
327-a-continuation-marker-attaches-one-block-and-the-boundary-is-that-block-s-extent-9.crv	4047f3294b284e6a	c6a6a810728a2cbc	0	1	2
327-a-continuation-marker-attaches-one-block-and-the-boundary-is-that-block-s-extent.crv	a3511a372b537e77	f256d5cacc415296	0	0	1
328-an-unclosed-verbatim-run-in-a-row-stops-at-the-closing-pipe-2.crv	547475f1848b10ef	0f2253bcb72b3aac	0	0	1
328-an-unclosed-verbatim-run-in-a-row-stops-at-the-closing-pipe-3.crv	cd2d649aafee6369	c856b364276ffd2a	0	0	1
328-an-unclosed-verbatim-run-in-a-row-stops-at-the-closing-pipe-4.crv	a560691ca319e17f	91706afc0f456291	0	0	0
328-an-unclosed-verbatim-run-in-a-row-stops-at-the-closing-pipe-5.crv	044df5caa236d77c	40fa9dd7177b810f	0	0	0
328-an-unclosed-verbatim-run-in-a-row-stops-at-the-closing-pipe-6.crv	531cc2134a81c9cd	3b3f00a51260a88b	0	0	0
328-an-unclosed-verbatim-run-in-a-row-stops-at-the-closing-pipe.crv	039744389eb2f262	031050cdeeccecb5	0	0	0
329-a-floating-attribute-is-scoped-to-the-container-that-holds-it-10.crv	293cdcd80a420416	af7e430488fc45e4	0	0	0
329-a-floating-attribute-is-scoped-to-the-container-that-holds-it-2.crv	45eb149520d71473	4f1e5f519534b6f7	1	0	0
329-a-floating-attribute-is-scoped-to-the-container-that-holds-it-3.crv	1913f16bbf7be488	69dce52f68d44036	1	0	0
329-a-floating-attribute-is-scoped-to-the-container-that-holds-it-4.crv	f9a2a917fd584d17	80b319345591747d	1	1	1
329-a-floating-attribute-is-scoped-to-the-container-that-holds-it-5.crv	f96bf56417c508c1	ebca81c0e12eef4b	1	0	1
329-a-floating-attribute-is-scoped-to-the-container-that-holds-it-6.crv	d9a5432fe8569b36	0ca2b964c971a56a	1	0	1
329-a-floating-attribute-is-scoped-to-the-container-that-holds-it-7.crv	c2f0ca326fc89016	effc1cf06f31c7f5	0	0	1
329-a-floating-attribute-is-scoped-to-the-container-that-holds-it-8.crv	9edfa7c299599e99	10d89eaa443eb8f1	0	0	1
329-a-floating-attribute-is-scoped-to-the-container-that-holds-it-9.crv	01c6677838adea82	0863060980bbbce6	0	0	1
329-a-floating-attribute-is-scoped-to-the-container-that-holds-it.crv	8f69c058a28ab87b	0d292ed19e06a5ee	1	0	0
33-editorial-markup-2.crv	a7fb0312513153cf	1974398f64dc8dd0	0	0	0
33-editorial-markup.crv	b6da74b75c33d2b3	9b1f38054ab669f7	0	0	0
330-a-tab-after-a-fence-or-a-frontmatter-opener-depends-on-where-it-sits-2.crv	a55c99d3f4f3bbf4	7b2941071d3ca2c4	0	0	1
330-a-tab-after-a-fence-or-a-frontmatter-opener-depends-on-where-it-sits-3.crv	0f42fc4534dd5aad	6e3c3fa191352212	0	0	0
330-a-tab-after-a-fence-or-a-frontmatter-opener-depends-on-where-it-sits-4.crv	be0553c9a73b0c7b	97a1f1192049f39d	0	0	0
330-a-tab-after-a-fence-or-a-frontmatter-opener-depends-on-where-it-sits.crv	19992ebcce458983	92d9af14b4aae774	1	0	0
331-an-unclosed-inline-run-in-a-line-block-reaches-the-end-of-the-block-2.crv	a8708b41fd16f2d9	f2b6eb264b19b78f	0	0	0
331-an-unclosed-inline-run-in-a-line-block-reaches-the-end-of-the-block-3.crv	f5096f3120e2a5b9	783c13af964770ca	0	0	0
331-an-unclosed-inline-run-in-a-line-block-reaches-the-end-of-the-block-4.crv	6710023105649fda	280798de90396241	0	0	0
331-an-unclosed-inline-run-in-a-line-block-reaches-the-end-of-the-block.crv	c72f4eda4edf4478	150b905f240ee775	0	0	0
332-which-inline-content-a-heading-id-is-derived-from-10.crv	6ac495bb8ebcb54e	4d33d995d7905e88	0	2	2
332-which-inline-content-a-heading-id-is-derived-from-11.crv	57c4a6ec8eae005a	d005a3374d4b0ce2	0	1	1
332-which-inline-content-a-heading-id-is-derived-from-12.crv	b2648eabd2b9fd93	eb3591a275a67718	0	1	1
332-which-inline-content-a-heading-id-is-derived-from-2.crv	882b3b4028c2a08c	9f6e9b2b316de873	0	1	1
332-which-inline-content-a-heading-id-is-derived-from-3.crv	4c115d1444f9cd0c	1a216802f3b8ceb3	0	1	1
332-which-inline-content-a-heading-id-is-derived-from-4.crv	b32440b6196abe5b	db281ac50117656b	0	1	1
332-which-inline-content-a-heading-id-is-derived-from-5.crv	12425b1326e3aef6	2f4f43fe220f025e	0	1	1
332-which-inline-content-a-heading-id-is-derived-from-6.crv	f55efca203fb28c7	b8ef03db2455c24f	0	1	1
332-which-inline-content-a-heading-id-is-derived-from-7.crv	8be52e2d7965825c	51e2383b4975eacc	0	1	1
332-which-inline-content-a-heading-id-is-derived-from-8.crv	5cdd0aff49432624	9ab3eddb89644f80	0	1	1
332-which-inline-content-a-heading-id-is-derived-from-9.crv	d0cb49c9fa7a8f73	8a2ebdd003f29774	0	1	1
332-which-inline-content-a-heading-id-is-derived-from.crv	0dde936afec3bb71	1919bca74856cd96	0	1	1
333-a-continuation-row-s-open-run-and-an-escaped-closing-pipe-2.crv	043f9e2e879bd201	f9a782a145b1abb3	0	0	0
333-a-continuation-row-s-open-run-and-an-escaped-closing-pipe-3.crv	2a0c92e0e4aa7a50	1bc919de3c00fcdd	0	0	0
333-a-continuation-row-s-open-run-and-an-escaped-closing-pipe-4.crv	17a020516ae11572	3c659ec66438e216	0	0	1
333-a-continuation-row-s-open-run-and-an-escaped-closing-pipe-5.crv	eb4ef020d4a1142c	f08adc97f721f474	0	0	1
333-a-continuation-row-s-open-run-and-an-escaped-closing-pipe.crv	50551913a2f8fc33	18f9614d1257b583	0	0	1
334-a-label-beginning-with-an-at-sign-is-not-a-reference-label-2.crv	c58f7e45bd3abbd2	1285ad58ca705570	1	0	0
334-a-label-beginning-with-an-at-sign-is-not-a-reference-label.crv	58aeea30b83a1df7	92145398357698de	1	0	0
335-a-comment-fence-at-an-item-s-content-column-registers-nothing-either.crv	25668eaa0c1c8f9a	eaf1bf22e9b65d09	1	0	1
336-a-footnote-definition-inside-an-item-s-comment-registers-nothing.crv	6f451ef1b03ff55d	0148a6ed3cad3398	1	0	1
337-a-comment-fence-opened-on-an-item-s-marker-line-hides-its-body-too.crv	b890179b8d869f5d	d5c7bb5b13f2e4dc	1	0	1
338-a-comment-fence-one-item-deeper-registers-nothing-either.crv	12cebd125f5aa7bd	a2726e9a3396d02d	1	0	1
339-a-wider-comment-fence-inside-an-item-hides-its-body-the-same-way.crv	e2211d088ac00791	b30d8e4042a2b893	1	0	1
34-thematic-breaks.crv	24dd5947e79012c3	31138d7e151ef4c7	0	0	0
340-an-abbreviation-inside-a-comment-defines-nothing.crv	271fd0b097c3a46d	969d119a56a2a91e	0	0	1
341-a-comment-fence-inside-a-colon-container-registers-nothing.crv	b51c21de400a1ed7	579ec16167c14187	1	0	2
342-url-list-attributes-are-probed-token-wise-10.crv	a210f38fcf139607	2a8d33da3b34a555	0	0	0
342-url-list-attributes-are-probed-token-wise-11.crv	3b883374c2f7f3c0	03661b6cf848b6b5	0	0	0
342-url-list-attributes-are-probed-token-wise-12.crv	6302c9136add37b7	42e02b081896cfa4	0	0	0
342-url-list-attributes-are-probed-token-wise-2.crv	aeab78d1199a6ec5	9133e5e86bc4481b	0	0	0
342-url-list-attributes-are-probed-token-wise-3.crv	1602d15e1129af95	c14641ddd3a8bfc7	0	0	0
342-url-list-attributes-are-probed-token-wise-4.crv	8071bb4271b343cc	0718d23c05db8577	0	0	0
342-url-list-attributes-are-probed-token-wise-5.crv	97d60cd598f60e2a	5898fb0ad9694349	0	0	0
342-url-list-attributes-are-probed-token-wise-6.crv	e4a1f05b19c0cabf	6c89abca185c315c	0	0	0
342-url-list-attributes-are-probed-token-wise-7.crv	1e179509577db730	648d763fe8114a6d	0	0	0
342-url-list-attributes-are-probed-token-wise-8.crv	4c2b90525b71a585	1a52e1240eeae1c9	0	0	0
342-url-list-attributes-are-probed-token-wise-9.crv	f06e28ddfd1accc9	ee1ff8eebbace884	0	0	0
342-url-list-attributes-are-probed-token-wise.crv	d09bdb445cc50898	1b62aa9d4a7dea15	0	0	0
343-an-escaped-hash-keeps-its-escape-at-a-container-s-content-position-2.crv	6fa3e320979d16b0	ecb9aa623a1ff9dc	0	0	1
343-an-escaped-hash-keeps-its-escape-at-a-container-s-content-position.crv	73b8a82dc542e525	06b8a2cdd31231c3	0	0	2
344-a-comment-only-line-in-a-line-block-is-removed-before-any-inline-run-2.crv	23de3a82f951c520	209ede5de58cce7b	0	0	0
344-a-comment-only-line-in-a-line-block-is-removed-before-any-inline-run-3.crv	530d3da06cdf7716	828d92752f3bd768	0	0	0
344-a-comment-only-line-in-a-line-block-is-removed-before-any-inline-run-4.crv	611103e41a858fd0	24161a1c2102b3ba	0	0	0
344-a-comment-only-line-in-a-line-block-is-removed-before-any-inline-run.crv	77de5b6b4e685d87	3ac06e29aba1510d	0	0	0
345-a-line-block-s-hard-break-keeps-its-backslash-2.crv	149cf50f72f33559	c5e45ba00efb5229	0	0	0
345-a-line-block-s-hard-break-keeps-its-backslash-3.crv	c9d9071464e32d21	659ac8220773a881	0	0	0
345-a-line-block-s-hard-break-keeps-its-backslash.crv	bc06fd37d3865808	ea4f29af349dd051	0	0	0
346-a-line-block-s-last-body-line-keeps-its-backslash-2.crv	d1a0160328be2ce5	f395aeebea4e8d45	0	0	0
346-a-line-block-s-last-body-line-keeps-its-backslash-3.crv	6c429ed8f4b93847	eb176ad947f9e086	0	0	0
346-a-line-block-s-last-body-line-keeps-its-backslash-4.crv	3ecd1e6313ffede1	1253e55ab14a925a	0	0	0
346-a-line-block-s-last-body-line-keeps-its-backslash.crv	6e53c1afd7c9fc12	a2eb223983dab7b1	0	0	0
347-a-comment-fence-reached-through-a-quote-registers-nothing-either-2.crv	9f3328f6256a2df9	695ab7dc4d52048e	1	0	2
347-a-comment-fence-reached-through-a-quote-registers-nothing-either-3.crv	b7d5e7268df671b5	2913ea4f958b45b1	0	0	0
347-a-comment-fence-reached-through-a-quote-registers-nothing-either.crv	d12730640d008274	ecd152861e40a581	1	0	2
348-a-closed-inline-construct-spanning-a-verse-boundary-2.crv	5a5ef2dcbf99a45c	7e4deaa139fb4ade	0	0	0
348-a-closed-inline-construct-spanning-a-verse-boundary-3.crv	1c0a013a4d38cb76	fc3d803c6a88a4dc	0	0	0
348-a-closed-inline-construct-spanning-a-verse-boundary-4.crv	5b52bff3a5e19d08	172fbd2fd3e43a2c	0	0	0
348-a-closed-inline-construct-spanning-a-verse-boundary-5.crv	30cb3e5336215037	90b4637a169953f9	0	0	0
348-a-closed-inline-construct-spanning-a-verse-boundary.crv	9bdd4567651f5014	8a792f73ecf7df22	0	0	0
349-a-container-whose-table-ends-on-a-continuation-row-2.crv	016c4a1490d2e497	295a20502a46c138	0	0	1
349-a-container-whose-table-ends-on-a-continuation-row-3.crv	32bdebae6f6f103f	edfbba43c159a604	0	0	2
349-a-container-whose-table-ends-on-a-continuation-row-4.crv	9a88a966c3009256	2ada44f1f6009667	0	0	2
349-a-container-whose-table-ends-on-a-continuation-row-5.crv	5e2d07d8f76423c2	d402b2947fecf35f	0	0	1
349-a-container-whose-table-ends-on-a-continuation-row-6.crv	2a5707d06a908f6f	961d80d2dcd9a95b	0	0	1
349-a-container-whose-table-ends-on-a-continuation-row-7.crv	7e771868fafa63cc	b126b4025709da90	1	0	1
349-a-container-whose-table-ends-on-a-continuation-row.crv	c75d0887a73a11bd	e62b448c79617e8f	0	0	1
35-cross-reference.crv	181c1608caa94f46	ad7a3c231b7d4973	0	1	1
350-a-definition-at-a-container-s-content-column-2.crv	f7dd88d5edbb81eb	0c7061ad67c51036	0	0	0
350-a-definition-at-a-container-s-content-column-3.crv	10815632cef5f7a9	8d6d597f742c9249	1	0	1
350-a-definition-at-a-container-s-content-column-4.crv	c9e7ec118da6ca66	24525ca2b5422687	0	0	1
350-a-definition-at-a-container-s-content-column-5.crv	5904660ff07dcac4	fe0985fa5a5dc7e6	0	0	1
350-a-definition-at-a-container-s-content-column-6.crv	cf31195136fd6838	251e5d72ad42e71d	0	0	1
350-a-definition-at-a-container-s-content-column-7.crv	5cd9450106f97113	ec3f98c84411b6de	0	0	1
350-a-definition-at-a-container-s-content-column.crv	c49615068d8c4bd8	c840529b1df049a0	0	0	0
351-a-bracketed-construct-spanning-a-line-boundary-2.crv	2e0f89a14cf98ea1	31ba1bcec7414951	0	0	0
351-a-bracketed-construct-spanning-a-line-boundary-3.crv	8a6044d1e52c21f5	43658f86a9f147a3	0	0	0
351-a-bracketed-construct-spanning-a-line-boundary-4.crv	f62c868c00dff5bf	4c0414bd9f82aed3	0	0	0
351-a-bracketed-construct-spanning-a-line-boundary-5.crv	0f8bf12dd468d9cb	3bd1938840ed388c	0	0	1
351-a-bracketed-construct-spanning-a-line-boundary-6.crv	ed9ff14cd2e4ae3d	51c0cfbb1d440def	0	0	0
351-a-bracketed-construct-spanning-a-line-boundary-7.crv	db269da3a616df22	3a5a539c34f02803	0	0	0
351-a-bracketed-construct-spanning-a-line-boundary-8.crv	fd65a022477b2cab	84248683e3fa0086	0	0	0
351-a-bracketed-construct-spanning-a-line-boundary-9.crv	f24710266fc4c297	82b3d5fb15a6b97c	0	0	0
351-a-bracketed-construct-spanning-a-line-boundary.crv	a5886c5d179a2f0e	a6265e243c3ffd7b	0	0	0
352-a-bracketed-construct-s-identifiers-stay-on-one-line-2.crv	48d6a628690a07a5	47af6acbbe8eda17	1	0	0
352-a-bracketed-construct-s-identifiers-stay-on-one-line-3.crv	63d8e9f2b6c924d2	4e40f95d6ac4c418	1	0	0
352-a-bracketed-construct-s-identifiers-stay-on-one-line-4.crv	f99928f978bf6ceb	dcb338a83462ca05	0	0	0
352-a-bracketed-construct-s-identifiers-stay-on-one-line-5.crv	377c12b3edb647d3	7aa7ed3ac648455e	0	0	0
352-a-bracketed-construct-s-identifiers-stay-on-one-line.crv	081585ddcbfd43e0	557d016ceb729e53	1	0	0
353-a-bracketed-construct-spanning-a-verse-boundary-2.crv	309b4e3da99712f3	1d2616ec36d702e7	0	0	0
353-a-bracketed-construct-spanning-a-verse-boundary-3.crv	18f6256991d273e0	462870fe29207743	0	0	0
353-a-bracketed-construct-spanning-a-verse-boundary.crv	cd215915343f6b1d	78e187ee93d252b9	0	0	0
354-a-continuation-row-joins-the-row-above-it-whatever-its-cells-hold-2.crv	69bb58c49d987662	525ded09bdf34411	0	0	1
354-a-continuation-row-joins-the-row-above-it-whatever-its-cells-hold-3.crv	e1bcfdc9fe199c6e	7628b0b5fd122a7e	1	0	1
354-a-continuation-row-joins-the-row-above-it-whatever-its-cells-hold-4.crv	82f0e7eaf4066a69	bec1676ab2009586	0	0	1
354-a-continuation-row-joins-the-row-above-it-whatever-its-cells-hold-5.crv	c6fa0681fb1db96d	46ae2782300ee9f1	0	0	1
354-a-continuation-row-joins-the-row-above-it-whatever-its-cells-hold-6.crv	495cb93e4584ca37	b36213298367e06a	1	0	1
354-a-continuation-row-joins-the-row-above-it-whatever-its-cells-hold.crv	cf951d3c4e1ebcf8	a2d1880c61e08d0a	0	0	1
355-a-container-whose-table-ends-on-a-joined-header-row-2.crv	e77914688e2bc185	6a2197e977055ca9	0	0	1
355-a-container-whose-table-ends-on-a-joined-header-row-3.crv	32b260d66c926c7b	ba64d143b2be5f2e	0	0	2
355-a-container-whose-table-ends-on-a-joined-header-row.crv	50d96dd7758156cf	6690171be9c68d46	0	0	1
356-a-quote-inside-a-quote-is-asked-what-it-ends-on-10.crv	9d9259b52db5b4ec	472938543839024e	0	0	2
356-a-quote-inside-a-quote-is-asked-what-it-ends-on-11.crv	e9e10e4860715ec5	2af632d190b76344	0	1	3
356-a-quote-inside-a-quote-is-asked-what-it-ends-on-12.crv	013e9617fc0c0947	f63d23279ecb4c16	0	1	3
356-a-quote-inside-a-quote-is-asked-what-it-ends-on-2.crv	6ec61781d8b59e52	7e5b3d9f87b1a881	0	1	1
356-a-quote-inside-a-quote-is-asked-what-it-ends-on-3.crv	0a7ab82d0c9da09a	f446691c74a93b81	0	0	3
356-a-quote-inside-a-quote-is-asked-what-it-ends-on-4.crv	3f7820927c677017	6fc7719819982bff	0	0	0
356-a-quote-inside-a-quote-is-asked-what-it-ends-on-5.crv	3682db5e8a16a349	398d0227c764d8d9	0	0	0
356-a-quote-inside-a-quote-is-asked-what-it-ends-on-6.crv	a2421e7c1e449ccb	ca44e5c08f3ec2c9	0	1	1
356-a-quote-inside-a-quote-is-asked-what-it-ends-on-7.crv	5a6b51864976f1d9	8741f3d773e0bab1	0	1	2
356-a-quote-inside-a-quote-is-asked-what-it-ends-on-8.crv	7c6119d13f9cd358	c2e772e90095faf9	0	0	3
356-a-quote-inside-a-quote-is-asked-what-it-ends-on-9.crv	6ff6a36a8d4cf4eb	5d3f338777d1d4f9	0	0	4
356-a-quote-inside-a-quote-is-asked-what-it-ends-on.crv	823b0cf1924e4760	dd8501fe0ade0043	0	1	1
357-a-block-at-a-container-s-content-column-ends-the-paragraph-whatever-it-renders-2.crv	06052c6d4b7026e8	e770eddca991dfa1	0	0	1
357-a-block-at-a-container-s-content-column-ends-the-paragraph-whatever-it-renders-3.crv	58ff473d501ee955	e3d86ddc1e06257e	0	0	1
357-a-block-at-a-container-s-content-column-ends-the-paragraph-whatever-it-renders-4.crv	5e72497664c04fc4	37c2b0ece335fdab	0	0	0
357-a-block-at-a-container-s-content-column-ends-the-paragraph-whatever-it-renders-5.crv	f7dd88d5edbb81eb	0c7061ad67c51036	0	0	0
357-a-block-at-a-container-s-content-column-ends-the-paragraph-whatever-it-renders-6.crv	88872495544eda83	16dd192ae7b05fca	0	0	1
357-a-block-at-a-container-s-content-column-ends-the-paragraph-whatever-it-renders.crv	f13fbf38c99e5e96	093062f032623aa0	1	0	0
358-what-a-content-column-block-does-not-reach-2.crv	163f5e18456ac303	4842921551cf21c2	0	0	1
358-what-a-content-column-block-does-not-reach.crv	4cddfa0922c549ce	6395fab86e11c015	0	0	1
359-a-footnote-definition-s-block-runs-to-the-end-of-its-body-2.crv	3bfdd7b6f2a109c1	8399c53715672e22	0	0	1
359-a-footnote-definition-s-block-runs-to-the-end-of-its-body.crv	f009bba29a83ff6d	c76ae3406d9f5e64	0	0	0
36-autolinks-2.crv	5e94233a3554cd83	de48ade32569540f	0	0	0
36-autolinks-3.crv	2e1f93dbd86bc4f5	498e1604f152b5f4	0	0	0
36-autolinks-4.crv	02c3c73a4ded3921	c4c3cdffdf671355	0	0	0
36-autolinks-5.crv	0cc9fa948d13cb19	4d9ec583d7924bab	0	0	0
36-autolinks-6.crv	ca867866585eeffa	4ee04fa91ccce0fa	0	0	0
36-autolinks.crv	813d8495728ab801	45dc2d2e6f07185c	0	0	0
360-a-definition-behind-an-alternating-container-prefix-registers-at-the-innermost-content-column-2.crv	21b7d3ca48a066c8	9d8f2af33ffeea5f	0	0	0
360-a-definition-behind-an-alternating-container-prefix-registers-at-the-innermost-content-column-3.crv	645253796eb21ed1	c886e4e09bffe86c	0	0	1
360-a-definition-behind-an-alternating-container-prefix-registers-at-the-innermost-content-column-4.crv	cbd1a86ecdb85f59	cb9aa3b781b5dddc	0	0	0
360-a-definition-behind-an-alternating-container-prefix-registers-at-the-innermost-content-column.crv	b4cac0c694e42ebe	f2c5ec7b7b64b792	0	0	0
361-a-paragraph-opened-after-a-block-in-an-item-is-still-open-for-a-lazy-line-2.crv	6b16ccd765945ab6	40828a74a46f5584	0	0	1
361-a-paragraph-opened-after-a-block-in-an-item-is-still-open-for-a-lazy-line-3.crv	d057c512b4b53d57	8dcc37de9e1c6310	0	0	1
361-a-paragraph-opened-after-a-block-in-an-item-is-still-open-for-a-lazy-line-4.crv	264f46c052023467	82320b0527ab05b6	0	0	1
361-a-paragraph-opened-after-a-block-in-an-item-is-still-open-for-a-lazy-line-5.crv	016c4a1490d2e497	295a20502a46c138	0	0	1
361-a-paragraph-opened-after-a-block-in-an-item-is-still-open-for-a-lazy-line.crv	e5280ca5f8061e6e	59f4ec912febd4b7	1	0	1
362-an-unterminated-container-does-not-extend-the-item-past-a-blank-line-2.crv	169a04d45c76952b	a70089bf3126a216	1	0	1
362-an-unterminated-container-does-not-extend-the-item-past-a-blank-line-3.crv	c188f6d0f99ed3a9	6658ad607736476b	1	0	1
362-an-unterminated-container-does-not-extend-the-item-past-a-blank-line-4.crv	c469a7ecd301375b	dba6b32f6d6e7451	0	0	1
362-an-unterminated-container-does-not-extend-the-item-past-a-blank-line-5.crv	77f7104e00c710d7	0f230aa75da7dc62	1	0	1
362-an-unterminated-container-does-not-extend-the-item-past-a-blank-line-6.crv	d41e0179b0efc40f	d58e3373225fc4c8	0	0	1
362-an-unterminated-container-does-not-extend-the-item-past-a-blank-line.crv	d782ba283e96a800	5676be7ed67defcc	1	0	1
363-a-task-item-s-checkbox-is-not-decided-by-its-first-block.crv	656d1294cdd63879	a33d96e6d54bc15f	0	0	1
364-only-lazy-folding-demotes-a-marker-line-colon-opener-2.crv	26f0650abeea85c7	f9fa179ce6cacf99	1	0	1
364-only-lazy-folding-demotes-a-marker-line-colon-opener.crv	4d8f883bb7c3e669	73c94803b5d0f526	1	0	0
365-a-blank-line-before-a-sibling-marker-separates-the-items-whatever-consumed-it-2.crv	ed9f3949e7073573	5b3447afb0ff1bf8	0	0	1
365-a-blank-line-before-a-sibling-marker-separates-the-items-whatever-consumed-it-3.crv	da5f4deebdec875f	9d84d015dfb5e052	0	0	1
365-a-blank-line-before-a-sibling-marker-separates-the-items-whatever-consumed-it.crv	88798befad7808ea	6ac308be76f21a4d	1	0	1
366-a-raw-block-keeps-the-blank-line-at-the-end-of-its-payload-too-2.crv	53632994fb1d738e	2cd97c4baa486355	0	0	1
366-a-raw-block-keeps-the-blank-line-at-the-end-of-its-payload-too-3.crv	50cb4d4eec758739	d78515d3559fa736	0	0	1
366-a-raw-block-keeps-the-blank-line-at-the-end-of-its-payload-too.crv	8e3ddb8cb714833e	9e543d3768e543c8	0	0	1
367-an-unterminated-fence-at-a-content-column-opens-no-block-so-the-paragraph-stays-open-2.crv	3a51c3417f310b48	30510145ad196138	1	0	1
367-an-unterminated-fence-at-a-content-column-opens-no-block-so-the-paragraph-stays-open-3.crv	24639cfbfd7e1cd4	124811e4ac1ea48c	0	0	1
367-an-unterminated-fence-at-a-content-column-opens-no-block-so-the-paragraph-stays-open-4.crv	bb8c11396fb7bc0d	1b11a69f19e63f71	1	0	1
367-an-unterminated-fence-at-a-content-column-opens-no-block-so-the-paragraph-stays-open-5.crv	50716491f6ddb1e0	7f74c9065848bf3c	0	0	1
367-an-unterminated-fence-at-a-content-column-opens-no-block-so-the-paragraph-stays-open-6.crv	e82fe63ca5d00b21	ad323374263722b0	0	0	1
367-an-unterminated-fence-at-a-content-column-opens-no-block-so-the-paragraph-stays-open.crv	cb65c35d27f841f2	cb2e941d66d89d61	1	0	1
368-a-heading-at-an-item-s-content-column-leaves-no-paragraph-open-2.crv	6eaf81df59505392	d74dcc0af708e711	0	0	1
368-a-heading-at-an-item-s-content-column-leaves-no-paragraph-open.crv	09c89f73e4ea3c20	ed4c437a8ba0a768	0	0	1
369-a-quote-is-reached-by-its-marker-and-a-column-never-reaches-into-one-2.crv	1bc60888b1429371	26a3be127b08e43c	0	0	0
369-a-quote-is-reached-by-its-marker-and-a-column-never-reaches-into-one-3.crv	1f9b24126a4e9d90	917a48efb1806908	1	0	1
369-a-quote-is-reached-by-its-marker-and-a-column-never-reaches-into-one-4.crv	4eaec8a3c0b1931b	c2726f8377c81acb	0	0	0
369-a-quote-is-reached-by-its-marker-and-a-column-never-reaches-into-one.crv	b446d610ff8529a4	e70482801234fa72	1	0	2
37-escapes.crv	b7cdf713c0d42d62	1011f7be8b8b5bda	0	0	0
370-table-columns-carry-alignment-vertical-alignment-and-widths.crv	34521cb43f045e60	c86300c4726e1312	0	0	1
371-a-table-alignment-run-carries-two-independent-axes.crv	cd8efafe12df6f9b	414713e7071eaa96	1	0	1
372-an-all-blank-raw-payload-still-emits-its-line.crv	dec68606585c24f9	14950d44cc9cd975	0	0	1
373-a-vertical-table-marker-needs-a-horizontal-partner.crv	769d8b52b1afa742	cd4e71e04c56611e	3	0	1
374-a-collected-definition-closes-the-item-paragraph-2.crv	71f00ba360c36fc1	48a12f8ff0246408	0	0	0
374-a-collected-definition-closes-the-item-paragraph-3.crv	95176cbff3402cff	1a26c59b870ed608	1	0	1
374-a-collected-definition-closes-the-item-paragraph-4.crv	4beca13a6d00b7ac	41a7f06672cd6e45	0	0	0
374-a-collected-definition-closes-the-item-paragraph.crv	5db88facbbdc0a0d	1210604c5ee47d5b	0	0	0
375-a-table-cell-can-inherit-horizontal-alignment.crv	122776fec2bde375	1609c310f3c8b6f1	1	0	1
376-pipe-tables-can-state-head-and-foot-row-counts.crv	796a12fb4ff00f0b	aa325763b72924d1	0	0	1
377-an-unclosed-inline-literal-reaches-the-end-of-its-block-2.crv	c5dd4cdf52c301b9	728cd54ea86bf155	0	0	0
377-an-unclosed-inline-literal-reaches-the-end-of-its-block-3.crv	b19a6ed3040870fd	5f11253310d583af	0	0	0
377-an-unclosed-inline-literal-reaches-the-end-of-its-block.crv	89850a92301e5c0b	adae7c4bd1a74041	0	0	0
378-a-terminal-comment-in-a-quote-leaves-no-paragraph-open-2.crv	4116b749f5b7d755	ac739469be8ca056	0	0	2
378-a-terminal-comment-in-a-quote-leaves-no-paragraph-open.crv	2ca98970a5a8dc29	c975ee57942a3a85	0	0	0
379-a-reference-definition-cannot-take-its-destination-from-the-next-line-2.crv	876248861c65a813	ab02846cc2ed4cb3	0	0	1
379-a-reference-definition-cannot-take-its-destination-from-the-next-line-3.crv	b888cfa76b3d8e6e	5a4338fac6da5652	1	0	0
379-a-reference-definition-cannot-take-its-destination-from-the-next-line.crv	cbebae513852200a	835b9689674087d4	0	0	1
38-bare-urls-stay-literal.crv	123178f02bbe1b65	b79a5dbcd8247b71	0	0	0
380-a-terminal-comment-line-still-leaves-an-empty-verse-line.crv	9347951d269123eb	e2d637c6af30bd01	0	0	0
381-a-resumed-lazy-run-belongs-to-the-innermost-marker-line-item-2.crv	a7faf2809156a414	ed0077495e18238c	0	0	1
381-a-resumed-lazy-run-belongs-to-the-innermost-marker-line-item-3.crv	d4852d383009a096	1f30a6c4b9c62e73	0	0	1
381-a-resumed-lazy-run-belongs-to-the-innermost-marker-line-item-4.crv	4dd0de4d390463ad	aebd2901cb8ca8c7	0	0	1
381-a-resumed-lazy-run-belongs-to-the-innermost-marker-line-item-5.crv	552f471a943df844	118bcca92a377e58	0	0	0
381-a-resumed-lazy-run-belongs-to-the-innermost-marker-line-item-6.crv	d5bdc56156e451e9	1d0e9866b7c90356	0	0	1
381-a-resumed-lazy-run-belongs-to-the-innermost-marker-line-item-7.crv	62f7a1a24942cc99	d7ba5154037c0f17	0	0	1
381-a-resumed-lazy-run-belongs-to-the-innermost-marker-line-item-8.crv	435d23ace8ff693b	ceaa241a158b2fe8	0	0	0
381-a-resumed-lazy-run-belongs-to-the-innermost-marker-line-item.crv	e603e87d7f5be9fe	5f7347943f5eefb2	0	0	1
382-a-marker-line-link-definition-is-collected-where-no-paragraph-is-open-2.crv	a8192b3932f5d6b6	38adb8cd8b45af1a	0	0	0
382-a-marker-line-link-definition-is-collected-where-no-paragraph-is-open.crv	75cf616e88b213a4	6067f53c25cac2a9	0	0	0
383-a-lazy-marker-line-s-definition-defines-nothing-in-any-container-2.crv	0f113d9952673b8f	9b76747567085c30	1	0	1
383-a-lazy-marker-line-s-definition-defines-nothing-in-any-container-3.crv	49ea6e5de46032d0	0f83b4638ad2982f	2	0	1
383-a-lazy-marker-line-s-definition-defines-nothing-in-any-container-4.crv	e6e8ca5c6d7a9f40	ca66f5b1a76d553a	0	0	0
383-a-lazy-marker-line-s-definition-defines-nothing-in-any-container-5.crv	39c31678a9252514	30ec2f9c10249d3f	0	0	1
383-a-lazy-marker-line-s-definition-defines-nothing-in-any-container.crv	655a998f050f7970	d93cf4a37fb765f7	1	0	1
384-a-continuation-marker-attaches-only-a-flush-left-block-2.crv	1e3c847dec4aa9cf	b04cb12c6e19acaf	0	0	1
384-a-continuation-marker-attaches-only-a-flush-left-block-3.crv	3217ab35b05bae2a	2ea25cc010c9e576	0	0	0
384-a-continuation-marker-attaches-only-a-flush-left-block-4.crv	a8dc7a5ba6410394	2a19acc7e6874ba3	0	0	1
384-a-continuation-marker-attaches-only-a-flush-left-block-5.crv	44cef36d44bf0c78	3682e7c218308412	0	0	1
384-a-continuation-marker-attaches-only-a-flush-left-block-6.crv	cd42decc75eb33e5	e45226a581df2c2f	0	0	1
384-a-continuation-marker-attaches-only-a-flush-left-block-7.crv	442a84e241e1c7d1	a98f2e139249a1fc	0	0	1
384-a-continuation-marker-attaches-only-a-flush-left-block-8.crv	3c4382850edc7e4d	87b2c506fd56de25	0	0	1
384-a-continuation-marker-attaches-only-a-flush-left-block.crv	e42a2652dfa653cb	7168a07d516c7818	0	0	1
385-a-hyphen-run-opening-a-word-after-whitespace-is-a-flag-2.crv	7cfb330c109deca7	61adfad598ebc91d	0	0	0
385-a-hyphen-run-opening-a-word-after-whitespace-is-a-flag.crv	74fcdb218cd1b888	d9f73134e56b7cb7	0	0	0
386-the-doubled-run-is-the-canonical-arrow-in-both-families.crv	97cc8f99f56a66e4	6e447337a849b6ca	0	0	0
387-a-braced-hyphen-pair-is-an-en-dash-2.crv	c0e4464764c351f9	c4d08c8633f1c5e2	0	0	0
387-a-braced-hyphen-pair-is-an-en-dash.crv	bad6be3fd0d560cb	658d653261bf7b7a	0	0	0
388-an-empty-brace-pair-is-not-a-construct-2.crv	84bdaf7d9cecb60b	2fc4b1199f441a5a	0	0	0
388-an-empty-brace-pair-is-not-a-construct.crv	3f35f33e99b44421	43c6d992fa471555	0	0	0
389-a-boolean-attribute-does-not-start-with-an-underscore-2.crv	14b05634f8700198	ab5e088753d06cba	0	0	0
389-a-boolean-attribute-does-not-start-with-an-underscore-3.crv	faa988a110434cfd	a33dc0f00172f317	0	0	0
389-a-boolean-attribute-does-not-start-with-an-underscore-4.crv	a97163131172ad79	88a5dc2d694d3a61	0	0	0
389-a-boolean-attribute-does-not-start-with-an-underscore.crv	8bc5408cd87645f9	8550145f298695c6	0	0	0
39-inline-span-2.crv	07b11cde3f3e1753	308ebb4e61ce60e3	0	0	0
39-inline-span-3.crv	c2edee025f801d4d	c6af9b1f296201c6	0	0	0
39-inline-span-4.crv	13bd5ef443e562c4	5d78c1444ea0105a	0	0	0
39-inline-span-5.crv	7e2eef1d1feb4bb4	cd914025ad3d0c3b	0	0	0
39-inline-span.crv	2fef62dbd0e7e891	5ace6db66b47e992	0	0	0
390-a-table-cell-s-marker-run-ends-at-a-space-2.crv	6d4bd910e09d5f1c	59c9d7ba165feadf	0	0	1
390-a-table-cell-s-marker-run-ends-at-a-space-3.crv	2c0206da9a544c87	648df0ef235a22f4	0	0	1
390-a-table-cell-s-marker-run-ends-at-a-space-4.crv	fe823f79586f1863	58f903af9bbf85db	0	0	1
390-a-table-cell-s-marker-run-ends-at-a-space-5.crv	a7b6ef87b9593703	bcc2a87de812b58e	0	0	0
390-a-table-cell-s-marker-run-ends-at-a-space.crv	29d1b08ea2cd5974	048907d7592998c6	0	0	0
391-an-attribute-line-below-a-list-item-interrupts-it-2.crv	1ee376849c91b5a1	4fe6fd4eb83076bc	1	0	0
391-an-attribute-line-below-a-list-item-interrupts-it.crv	e33b5946ff9be1e5	e5b317650219d60a	0	0	0
392-an-attributed-cell-keeps-its-attributes-and-its-literal-marker-2.crv	b5587c5aa5a83071	2346acba4e590d95	0	0	1
392-an-attributed-cell-keeps-its-attributes-and-its-literal-marker.crv	c55c4e0ae28323ec	6386aa8c5543b36e	0	0	1
393-an-engine-written-shape-says-what-it-is-called-2.crv	755dabd156a829ae	068804216e056982	0	0	1
393-an-engine-written-shape-says-what-it-is-called-3.crv	292c29dedbb8b7d9	cad8e0cc3233d431	0	0	1
393-an-engine-written-shape-says-what-it-is-called-4.crv	b54fed1a4e3ca966	9e310b16114c8829	0	0	0
393-an-engine-written-shape-says-what-it-is-called-5.crv	63d4b7f3ceef5410	7715884ad5fa85ca	0	0	0
393-an-engine-written-shape-says-what-it-is-called-6.crv	943bc0c9eb459008	bf168e5014d764c0	0	0	0
393-an-engine-written-shape-says-what-it-is-called-7.crv	6c4921de6d65861a	598c89c896ef32a4	0	0	1
393-an-engine-written-shape-says-what-it-is-called.crv	87d73938d4d4e4eb	52be69e87ab47d94	0	0	2
394-a-leading-escaped-caret-keeps-its-escape.crv	fd8b72125b11e669	fcdcf69e351031be	0	0	0
395-a-longer-run-at-a-list-boundary-is-written-as-exactly-three-blank-lines.crv	963ecbbc838a0653	0ce5695a206a0a3c	0	0	0
396-an-idle-escape-does-not-spread-from-the-block-that-needed-one.crv	c9151e95ecf1b1ca	5eee4d219a54808f	0	0	0
397-a-null-byte-is-replaced-before-the-document-is-read-2.crv	26fccf054960b6db	bfa586653b3bbbd1	0	0	0
397-a-null-byte-is-replaced-before-the-document-is-read-3.crv	8363c84917df5b36	95b03769df86c986	0	0	0
397-a-null-byte-is-replaced-before-the-document-is-read.crv	3a100994c4e38751	3fed734ca3421cb8	0	0	0
398-a-container-s-span-ends-at-its-last-placed-child-2.crv	7ad8372bb64303f9	abb9da6305f890e5	1	0	0
398-a-container-s-span-ends-at-its-last-placed-child.crv	f0f4d6ae381663b2	94dd87a78b3c1507	0	0	0
399-a-definition-list-ends-at-its-last-placed-child-too-2.crv	5904660ff07dcac4	fe0985fa5a5dc7e6	0	0	1
399-a-definition-list-ends-at-its-last-placed-child-too.crv	f96bf56417c508c1	ebca81c0e12eef4b	1	0	1
40-superscript-and-subscript-2.crv	2fcb4ff9ef264022	82468ae995be23d0	2	0	0
40-superscript-and-subscript.crv	d81d9708492d262e	4460c6c0a1d97bb1	0	0	0
400-a-container-starts-at-its-opening-markup-even-where-its-first-child-is-unplaced.crv	c7debea1462dfd9e	10bb910e87a7656e	0	0	0
401-a-marker-at-an-item-content-column-opens-a-sublist-first-in-the-item-or-not-2.crv	887eeb50bb6b8e6e	1f42a78cab11c722	0	0	1
401-a-marker-at-an-item-content-column-opens-a-sublist-first-in-the-item-or-not-3.crv	4691a8c030807daf	c7d641e9ddb8f1d6	0	0	0
401-a-marker-at-an-item-content-column-opens-a-sublist-first-in-the-item-or-not.crv	f378c7e227352d79	25750dce2021df26	0	0	1
402-a-container-ends-at-the-markup-that-closes-it-even-where-its-last-child-is-unplaced.crv	ebe4fea2d7497f19	15171c5983de5949	0	0	0
403-an-idle-escape-does-not-spread-from-the-occurrence-that-needed-one.crv	a1871bc5b452f602	7a8151151f249eb5	1	0	0
404-a-caption-s-marker-separator-is-a-run-and-none-of-it-is-content-2.crv	eb551fb3fd3dc232	788473da59b293b0	0	0	0
404-a-caption-s-marker-separator-is-a-run-and-none-of-it-is-content.crv	fedba4efbe96b050	4bae4483d9298cc8	0	0	2
405-a-quote-holding-a-captioned-block-indents-it-like-any-other-nested-block.crv	97108ca785656321	1011e27edfd98c46	0	0	2
406-a-heading-s-marker-separator-is-a-run-and-none-of-it-is-content-2.crv	426ab1ff7491c28e	7bc175c904d9fadd	0	1	1
406-a-heading-s-marker-separator-is-a-run-and-none-of-it-is-content-3.crv	764e1793f73905db	4ccea0e04ae86774	0	1	1
406-a-heading-s-marker-separator-is-a-run-and-none-of-it-is-content.crv	b9eb5323138dee2e	e9891dc61ce260ae	0	1	2
407-one-consumed-boolean-spells-the-looseness-no-blank-line-can-2.crv	5e206ea6bdc3c9c1	6e117e77ed4016ab	0	0	1
407-one-consumed-boolean-spells-the-looseness-no-blank-line-can.crv	c273f62c1fe6470a	d8cd8128bb16da0c	0	0	0
408-the-writer-spells-looseness-only-where-a-blank-line-cannot-2.crv	733d9ac1374dcc42	0daefce9226732a9	0	0	1
408-the-writer-spells-looseness-only-where-a-blank-line-cannot.crv	361a4b39bb40dcbe	437816c8fed89cb2	0	0	1
409-a-blank-line-loosens-an-item-only-when-a-paragraph-follows-it-2.crv	8a202da820cdf3ef	c41dbd412628d2a9	0	0	1
409-a-blank-line-loosens-an-item-only-when-a-paragraph-follows-it-3.crv	2ece00c6f95c4480	ca46af1ffc19f71f	0	0	1
409-a-blank-line-loosens-an-item-only-when-a-paragraph-follows-it.crv	f7096835ae3239ac	d1a71dcb4ccc5191	0	0	1
41-line-blocks-10.crv	9f892c9178e575af	6a43c15a793934a1	1	0	0
41-line-blocks-2.crv	bbb1bae7ab1436a8	6b855157844d2595	0	0	0
41-line-blocks-3.crv	582f56427b3cb3ae	f9ddb18d7dfd2f87	0	0	0
41-line-blocks-4.crv	0d6ee4920deae8b1	3a35cf0f8d4ee858	0	0	0
41-line-blocks-5.crv	b021e4463d0e02c5	3f3a05426e0b517a	0	0	0
41-line-blocks-6.crv	48bd5a1c8d9595a1	6d181a3359af751f	0	0	1
41-line-blocks-7.crv	7e3aaa05b6635366	51d7d93c1884c7f8	0	0	1
41-line-blocks-8.crv	13c55cb8718c3dc1	ac6601437d86573b	0	0	2
41-line-blocks-9.crv	6e49a9ca46ddc147	ec63c05b61e53e90	0	0	0
41-line-blocks.crv	15d315da964ec1a1	3c6e829b98585a26	0	0	0
410-a-footnote-continuation-survives-a-blank-run-2.crv	3912b54e02140000	306312982a0b7c2b	0	0	0
410-a-footnote-continuation-survives-a-blank-run-3.crv	8334e51d5a2160fa	f064dc0310c1b874	0	0	0
410-a-footnote-continuation-survives-a-blank-run-4.crv	a1f2b977c9842da8	7536d9154794ca8a	0	0	0
410-a-footnote-continuation-survives-a-blank-run.crv	990b73dcffa67469	570236149353749d	0	0	0
411-a-lone-indented-image-is-a-paragraph-and-its-html-cannot-say-so-2.crv	ef896b7a6d93c4a6	b8b1862270c5df20	0	0	0
411-a-lone-indented-image-is-a-paragraph-and-its-html-cannot-say-so-3.crv	d02f3075cceee229	5b369df548b89a39	0	0	0
411-a-lone-indented-image-is-a-paragraph-and-its-html-cannot-say-so-4.crv	2f2e61136ec214b5	d80ddbca7ddcdc4e	0	0	0
411-a-lone-indented-image-is-a-paragraph-and-its-html-cannot-say-so-5.crv	ad329c336a3ada22	f091cc0963c89fe2	1	0	1
411-a-lone-indented-image-is-a-paragraph-and-its-html-cannot-say-so-6.crv	9cdb07fffad6184e	3c9871d46e10bd94	0	0	1
411-a-lone-indented-image-is-a-paragraph-and-its-html-cannot-say-so.crv	6b4757286e96e92b	dfc13e348c1301f3	0	0	0
412-a-lone-reference-image-at-column-0-in-every-spelling-2.crv	ebd1daa496b78738	b26f09f07ff08078	0	0	0
412-a-lone-reference-image-at-column-0-in-every-spelling-3.crv	409c88b90e7b771f	5f53c5de19c16727	0	0	0
412-a-lone-reference-image-at-column-0-in-every-spelling-4.crv	cf81aebde6412a27	6dbf03be1c36d677	1	0	0
412-a-lone-reference-image-at-column-0-in-every-spelling.crv	7aad006313197c7d	1e8b4e23018667d2	0	0	0
413-an-item-s-attribute-block-moves-its-content-column-its-checkbox-does-not-10.crv	53ba59411377b644	b7e958f61de4a883	0	0	1
413-an-item-s-attribute-block-moves-its-content-column-its-checkbox-does-not-2.crv	814cd3807fb36e33	b82a3c65210d83fd	1	0	1
413-an-item-s-attribute-block-moves-its-content-column-its-checkbox-does-not-3.crv	5605fcf1c384b4b9	6a3b950bc064320b	0	0	1
413-an-item-s-attribute-block-moves-its-content-column-its-checkbox-does-not-4.crv	c2f1b95146099043	3a68fa6f08b674ba	0	0	1
413-an-item-s-attribute-block-moves-its-content-column-its-checkbox-does-not-5.crv	2622439849358350	607913b18e59facf	0	0	1
413-an-item-s-attribute-block-moves-its-content-column-its-checkbox-does-not-6.crv	cd229995af47bd04	4ac9d1db97ce22d1	0	0	1
413-an-item-s-attribute-block-moves-its-content-column-its-checkbox-does-not-7.crv	47911313b15930c4	22b3973ca72cb395	0	0	1
413-an-item-s-attribute-block-moves-its-content-column-its-checkbox-does-not-8.crv	d5b08b86dfa524a0	142ce970ef8dbfa2	1	0	1
413-an-item-s-attribute-block-moves-its-content-column-its-checkbox-does-not-9.crv	26ec48d856d69230	de06f2e761718d05	0	0	1
413-an-item-s-attribute-block-moves-its-content-column-its-checkbox-does-not.crv	b307742d52828162	772165a185ccbb8a	0	0	1
414-an-unclosed-bare-colon-fence-opens-a-div.crv	bc26e705c0930201	b14b9a28b23d440a	1	0	1
415-a-floating-attribute-does-not-widen-a-list-item-s-content-column-2.crv	33d78e9122a70b75	6cf1c8502232c3ea	0	0	1
415-a-floating-attribute-does-not-widen-a-list-item-s-content-column-3.crv	b0c4d630acd668a4	ed2cb0d59b06d400	0	0	1
415-a-floating-attribute-does-not-widen-a-list-item-s-content-column-4.crv	d4ff99fd7f3f4025	9bf7efee6a6b4a92	2	0	0
415-a-floating-attribute-does-not-widen-a-list-item-s-content-column-5.crv	481f5f75a3e4891e	5134884cad33c721	0	0	1
415-a-floating-attribute-does-not-widen-a-list-item-s-content-column-6.crv	c043ca9ce553cd67	a1217cdcb0b32313	2	0	0
415-a-floating-attribute-does-not-widen-a-list-item-s-content-column-7.crv	302eed1535b314f6	fb7ca864b0f34efd	2	0	0
415-a-floating-attribute-does-not-widen-a-list-item-s-content-column.crv	0b16a9bb5d8acc76	db63eea846403682	0	0	1
416-a-fenced-block-quote-is-the-block-quote-written-another-way-2.crv	8f7645905b835c30	87084f44296f268d	0	0	2
416-a-fenced-block-quote-is-the-block-quote-written-another-way-3.crv	2c769d2e4fbdf456	1b79a5a33ef541bd	1	0	0
416-a-fenced-block-quote-is-the-block-quote-written-another-way-4.crv	951bf82985cec773	6fb10d45387d8ef8	0	0	1
416-a-fenced-block-quote-is-the-block-quote-written-another-way-5.crv	b5da6a4c71ae51ba	3bda71876fa352b0	0	0	1
416-a-fenced-block-quote-is-the-block-quote-written-another-way.crv	9c32dd1966cb8614	ca5ec83ec83e91bb	0	0	2
417-an-authored-base-carries-opaque-payload-captions-and-nested-metadata-2.crv	7181a4b073bcfe21	c69e8f61ccb6d241	0	0	0
417-an-authored-base-carries-opaque-payload-captions-and-nested-metadata-3.crv	799db1e565f80c84	e14886bdad6d1580	0	0	0
417-an-authored-base-carries-opaque-payload-captions-and-nested-metadata-4.crv	867f52d7e6661874	46ff5ec304336be7	0	0	0
417-an-authored-base-carries-opaque-payload-captions-and-nested-metadata.crv	0f3ca2d74385c64b	f46216adfb35753e	0	0	0
418-an-invisible-fenced-block-is-not-a-list-paragraph.crv	95aa944b0ffa0b4d	ce2622d88163be77	0	0	1
419-a-definition-list-inside-a-footnote-body-carries-its-authored-base-2.crv	5298f8818b8b3425	626ba48278fd31b3	0	0	0
419-a-definition-list-inside-a-footnote-body-carries-its-authored-base-3.crv	e4282876a61efec0	22d69c506e4ac6fd	0	0	0
419-a-definition-list-inside-a-footnote-body-carries-its-authored-base.crv	419e2e8c61b79ba1	6b4e0f4c6d8a8b98	0	0	0
42-admonitions-10.crv	d9f9177de79431d3	0733a15c8868b73d	0	0	2
42-admonitions-2.crv	02e1b092c970a7ce	c51c5b251ad35219	0	0	1
42-admonitions-3.crv	105f4a7c4fa6e34f	0195772919344621	0	0	1
42-admonitions-4.crv	d8653fd1f5e97b3e	8dd26c4044db1574	0	0	1
42-admonitions-5.crv	3a4004374486f684	51da75c2f46fb96f	0	0	1
42-admonitions-6.crv	fa7d91cb133446ba	0919c5a6b0151cc9	0	0	1
42-admonitions-7.crv	86e72cee221a926e	3adf66407ac52df3	0	0	1
42-admonitions-8.crv	db827fd545c3d4f6	855c3cb7f5813298	0	0	1
42-admonitions-9.crv	f64d664fbe909b8d	fe146acc677b3814	0	0	1
42-admonitions.crv	73a0966a72e42652	ea8be4a7a1ace2ab	0	0	1
420-text-block-alignment-renders-the-css-declaration-2.crv	ac849fa380ae5dad	2913ef30027f818c	0	0	1
420-text-block-alignment-renders-the-css-declaration-3.crv	78bded89d2a05d72	47bcb45f41e42f44	0	0	0
420-text-block-alignment-renders-the-css-declaration-4.crv	e82da7dae2dc5411	69254ad007bac902	0	0	0
420-text-block-alignment-renders-the-css-declaration-5.crv	29a16222671f214d	add8c39d30e4a64c	0	0	0
420-text-block-alignment-renders-the-css-declaration.crv	cf739dfebdd20d36	82c46c0c52c6332f	0	0	0
421-a-sigil-fence-takes-its-attribute-line-2.crv	5e7c87a6297eb587	c11cb8447ebde407	0	0	0
421-a-sigil-fence-takes-its-attribute-line-3.crv	362f9acfbbd34627	538e30b3c775fede	0	0	1
421-a-sigil-fence-takes-its-attribute-line.crv	bf2f9e389a158cb4	e1d095d4d346005a	0	0	0
422-a-recognized-opener-in-a-body-needs-no-blank-line-above-it-2.crv	bacf3fbca9133b3c	ce889ddf36afbeff	0	0	1
422-a-recognized-opener-in-a-body-needs-no-blank-line-above-it-3.crv	11e1ddd4ea4dc923	42e1070480b360fe	0	0	1
422-a-recognized-opener-in-a-body-needs-no-blank-line-above-it-4.crv	29d660c054586d9d	4c49b1d9214d195d	0	0	0
422-a-recognized-opener-in-a-body-needs-no-blank-line-above-it-5.crv	0dae289aafc6dc0e	3600b722cd81c316	0	0	0
422-a-recognized-opener-in-a-body-needs-no-blank-line-above-it-6.crv	4be60b504f17ba0f	514facbb583c2dbe	0	0	0
422-a-recognized-opener-in-a-body-needs-no-blank-line-above-it-7.crv	b2bbea13fb510bbd	b7bc9be54bfa9cb3	0	0	1
422-a-recognized-opener-in-a-body-needs-no-blank-line-above-it-8.crv	c07fb0e47af655f7	8c7b5a351080137b	1	0	1
422-a-recognized-opener-in-a-body-needs-no-blank-line-above-it-9.crv	3ffe8ea45d007028	c4a1212a9ad8cad0	0	0	0
422-a-recognized-opener-in-a-body-needs-no-blank-line-above-it.crv	10c1de3248a97bd4	8bc9713335a4b557	0	0	0
423-one-authored-base-rule-reaches-a-definition-nested-in-a-list-item-2.crv	4e3322deb784a212	2b398060cf60daa8	0	0	0
423-one-authored-base-rule-reaches-a-definition-nested-in-a-list-item.crv	5b6a01bac71e4c2d	613b557eda863ee3	2	0	1
424-a-definition-body-s-separator-width-sets-its-content-column-2.crv	0b96de4f7fdf940e	e43db4ecaee32060	0	0	1
424-a-definition-body-s-separator-width-sets-its-content-column-3.crv	4de513bd120965d1	14342fb0ec8dcf10	0	0	1
424-a-definition-body-s-separator-width-sets-its-content-column-4.crv	6a0d1f5acdeb2c9b	7942bb6443c1ea99	0	0	1
424-a-definition-body-s-separator-width-sets-its-content-column-5.crv	a077b998e6f2710c	a3885acd0b4227b1	0	0	1
424-a-definition-body-s-separator-width-sets-its-content-column-6.crv	cc57122160af2798	0a4ddd6491212195	0	0	1
424-a-definition-body-s-separator-width-sets-its-content-column-7.crv	d84076c59ef15030	ae4e230ad34d8797	0	0	1
424-a-definition-body-s-separator-width-sets-its-content-column.crv	7fb763b606bee073	ad13c2b4cb07817b	0	0	1
425-an-ordered-item-s-separator-width-sets-its-content-column-10.crv	a87a355dae88e64b	07737f5ced098354	0	0	1
425-an-ordered-item-s-separator-width-sets-its-content-column-11.crv	d07f9a5ee9883471	2e593bca8947207b	0	0	0
425-an-ordered-item-s-separator-width-sets-its-content-column-12.crv	f88dc616a135b424	2af160ce52f91d5e	0	0	1
425-an-ordered-item-s-separator-width-sets-its-content-column-13.crv	4e128370105680a2	ad09139005de5495	0	0	0
425-an-ordered-item-s-separator-width-sets-its-content-column-2.crv	bf0218bb84f49ab2	84fc97674d6b3f11	0	0	0
425-an-ordered-item-s-separator-width-sets-its-content-column-3.crv	416d9a45bdaf55dd	9bf4d46f5bb28613	0	0	1
425-an-ordered-item-s-separator-width-sets-its-content-column-4.crv	a165248294079fc7	53423747ad17dc6d	0	0	0
425-an-ordered-item-s-separator-width-sets-its-content-column-5.crv	3cd239c52652fffa	ae129bccf978be19	0	0	1
425-an-ordered-item-s-separator-width-sets-its-content-column-6.crv	73b82ad98367e482	8253f77f89d29a18	0	0	1
425-an-ordered-item-s-separator-width-sets-its-content-column-7.crv	6006bb6799e33b75	41d4e291a9eb5ccb	0	0	1
425-an-ordered-item-s-separator-width-sets-its-content-column-8.crv	1e9b0555c05c3923	0771cc375332e9e2	0	0	1
425-an-ordered-item-s-separator-width-sets-its-content-column-9.crv	b0733216be8cbc3d	d48a27ac2726e909	0	0	0
425-an-ordered-item-s-separator-width-sets-its-content-column.crv	001dbd287c856fe5	7e7afd6df9cc7edb	0	0	1
426-below-a-definition-body-s-column-the-body-ends-2.crv	b2bbea13fb510bbd	b7bc9be54bfa9cb3	0	0	1
426-below-a-definition-body-s-column-the-body-ends-3.crv	24989f4433fd9535	b78db27652b84f9f	0	0	1
426-below-a-definition-body-s-column-the-body-ends-4.crv	4b43dc82cc507820	d274cf53f4196fce	0	0	1
426-below-a-definition-body-s-column-the-body-ends-5.crv	a9ae067617bfb189	55118420e288f790	0	0	1
426-below-a-definition-body-s-column-the-body-ends-6.crv	c67fd030757c83e1	d588e8bb3109f6b2	0	0	1
426-below-a-definition-body-s-column-the-body-ends-7.crv	c07fb0e47af655f7	8c7b5a351080137b	1	0	1
426-below-a-definition-body-s-column-the-body-ends.crv	451c46721caf4aba	6925033e5e348698	0	0	1
427-the-continuation-marker-attaches-one-block-in-every-container-2.crv	6d434a16cdb1e78f	f098e07c0a251aa7	0	0	0
427-the-continuation-marker-attaches-one-block-in-every-container-3.crv	d4515388e8033cc2	ece8094e203ef390	0	0	1
427-the-continuation-marker-attaches-one-block-in-every-container-4.crv	ea849111262e12c7	f7bc392ef2f51fd1	0	0	1
427-the-continuation-marker-attaches-one-block-in-every-container.crv	a3511a372b537e77	f256d5cacc415296	0	0	1
428-a-wrapped-attribute-line-leaves-no-paragraph-open-2.crv	9258c3a1d7ccf93e	1f7907cdfb166288	1	0	0
428-a-wrapped-attribute-line-leaves-no-paragraph-open-3.crv	2c0718da94cfc985	c3d99274377ccc9b	1	0	0
428-a-wrapped-attribute-line-leaves-no-paragraph-open.crv	29b6ce61e666be95	b104cf51632b33d4	1	0	0
429-an-invisible-line-before-the-blank-does-not-cancel-the-separation-2.crv	460d3e38d73effd2	281e3e0a2c19e86a	0	0	1
429-an-invisible-line-before-the-blank-does-not-cancel-the-separation-3.crv	aa6f9c8b21184b46	98bc901b21175d5f	1	0	1
429-an-invisible-line-before-the-blank-does-not-cancel-the-separation-4.crv	641bad62369233ed	0864d3dcdc2bbf8a	0	0	1
429-an-invisible-line-before-the-blank-does-not-cancel-the-separation.crv	3513d93e6e272b1a	d0f9a5c3b9b2a742	0	0	1
43-abbreviations.crv	4332a088c2ae546d	01d81873c2d821fb	0	0	0
430-below-a-definition-body-s-column-an-invisible-line-folds-as-text-2.crv	4d08d43a168fb3a3	e96144ebcfdbfb23	2	0	1
430-below-a-definition-body-s-column-an-invisible-line-folds-as-text-3.crv	4de9a80b81b3b53e	559d7da4c2cf2f15	0	0	1
430-below-a-definition-body-s-column-an-invisible-line-folds-as-text-4.crv	b7ddedc2514a3abb	8937c2353dd34a57	0	0	1
430-below-a-definition-body-s-column-an-invisible-line-folds-as-text-5.crv	b282db8f98d5c764	e4f9e8f00a5d605d	0	0	1
430-below-a-definition-body-s-column-an-invisible-line-folds-as-text-6.crv	6110a7c1017ac34e	d1c3c347f80acd6e	0	0	1
430-below-a-definition-body-s-column-an-invisible-line-folds-as-text.crv	1229a1b6134b9b29	686d8814c8c93a7b	1	0	1
431-a-floating-attribute-under-a-definition-attaches-at-column-zero-2.crv	1c829162a365381f	407e659047e238ed	0	0	1
431-a-floating-attribute-under-a-definition-attaches-at-column-zero-3.crv	5a4126b81e8725a1	172f0240cd559af6	0	0	0
431-a-floating-attribute-under-a-definition-attaches-at-column-zero-4.crv	0c463c59ea97c061	519fda524e625e11	0	0	1
431-a-floating-attribute-under-a-definition-attaches-at-column-zero.crv	d20dd7b0a2444571	d100778e25098e8b	0	0	1
432-an-abbreviation-definition-outside-document-level-is-not-an-invisible-line-2.crv	2551e5201503126e	6f39ab5d6308ccaa	0	0	0
432-an-abbreviation-definition-outside-document-level-is-not-an-invisible-line.crv	7c7346520dc09607	57ae80b5cdb9fd05	0	0	1
433-a-comment-in-a-footnote-body-is-invisible-in-both-spellings-2.crv	d914c2495c9d32dd	b4758c53fe4391fa	0	0	0
433-a-comment-in-a-footnote-body-is-invisible-in-both-spellings.crv	2eaf5d77d8a6960a	0baf838c043ac655	0	0	0
434-an-unresolved-image-gives-its-whole-caption-slot-back-at-any-depth-2.crv	85e26685573e2ab5	ecc6bfd5e9c6ef3d	0	0	1
434-an-unresolved-image-gives-its-whole-caption-slot-back-at-any-depth-3.crv	081097b083acaeca	5b0df5eec7391355	1	0	1
434-an-unresolved-image-gives-its-whole-caption-slot-back-at-any-depth-4.crv	2f6f2d02886b681d	0686d5cd3357b868	0	0	1
434-an-unresolved-image-gives-its-whole-caption-slot-back-at-any-depth.crv	3f23add0dd1920b5	ad6913d3abd3449e	1	0	0
435-the-continuation-marker-s-column-gate-reaches-every-container-10.crv	c7f6349ba2d02fd3	a896d1e133cf7bc9	0	0	0
435-the-continuation-marker-s-column-gate-reaches-every-container-11.crv	46dad75f07d3fbf3	a6c9c1ad02e87620	0	0	0
435-the-continuation-marker-s-column-gate-reaches-every-container-12.crv	ef51a2cf216dece9	ef6386e7329d79fc	0	0	1
435-the-continuation-marker-s-column-gate-reaches-every-container-13.crv	ffc0150c1a99636f	8599a07555706b62	0	0	1
435-the-continuation-marker-s-column-gate-reaches-every-container-14.crv	164bc199a4f1a2db	b381ba54ab85ff7a	0	0	1
435-the-continuation-marker-s-column-gate-reaches-every-container-15.crv	45d38e32a24616dd	4ab181955decca43	0	0	1
435-the-continuation-marker-s-column-gate-reaches-every-container-16.crv	95fa1841227d91d1	2199b70f91e21432	0	0	1
435-the-continuation-marker-s-column-gate-reaches-every-container-17.crv	64f52caa2fafa3ab	5ee8b643199d4cbb	0	0	1
435-the-continuation-marker-s-column-gate-reaches-every-container-18.crv	c4e27ab05ff962ab	366ee8b21f1896c4	0	0	1
435-the-continuation-marker-s-column-gate-reaches-every-container-19.crv	a00b428b424d147c	dc6a8ddf6fa8af9a	0	0	1
435-the-continuation-marker-s-column-gate-reaches-every-container-2.crv	30ade962d00c5553	70a345bbd57eaa07	0	0	0
435-the-continuation-marker-s-column-gate-reaches-every-container-3.crv	de2bbc4a1544fcba	3331ec07652fc3a0	0	0	0
435-the-continuation-marker-s-column-gate-reaches-every-container-4.crv	7ec1eaceeeee187f	4a8be41c55069ac7	0	0	0
435-the-continuation-marker-s-column-gate-reaches-every-container-5.crv	6eb7d1c21361df9d	a66e0b8231f7e1f3	0	0	0
435-the-continuation-marker-s-column-gate-reaches-every-container-6.crv	79a268a9f8311619	24dbea45d4108e93	0	0	1
435-the-continuation-marker-s-column-gate-reaches-every-container-7.crv	eef202b098768f45	5358b47e271edfa0	0	0	1
435-the-continuation-marker-s-column-gate-reaches-every-container-8.crv	537adb814b3e8676	9e63a1ed746fc7df	0	0	1
435-the-continuation-marker-s-column-gate-reaches-every-container-9.crv	2550fcecae0c6b7c	e789000b38c893df	0	0	0
435-the-continuation-marker-s-column-gate-reaches-every-container.crv	8ff099e8f0223168	7dfd601de3801c56	0	0	0
436-an-empty-description-body-claims-no-line-below-column-0-2.crv	a29f4a1b42b42252	a2cd00aa408c6316	0	0	1
436-an-empty-description-body-claims-no-line-below-column-0-3.crv	8d8fecc1c8087141	41d02ce82b199a40	0	0	1
436-an-empty-description-body-claims-no-line-below-column-0-4.crv	861df44e1c2f8260	5ead50c721e05da6	0	0	1
436-an-empty-description-body-claims-no-line-below-column-0-5.crv	efcfc36e4d21ef12	50edf8b8a2a95fb4	0	0	1
436-an-empty-description-body-claims-no-line-below-column-0-6.crv	0532939a02ce189e	1cabd0965a3e2f52	0	0	0
436-an-empty-description-body-claims-no-line-below-column-0-7.crv	c3b09edf9145b9bd	dc6cc94fd5bb6ed7	0	0	0
436-an-empty-description-body-claims-no-line-below-column-0.crv	8cf08ebbb57b6638	ad6e59cd6578240b	0	0	1
437-a-leading-continuation-marker-in-a-footnote-body-or-a-quote-is-text-2.crv	e6781b11c90c8ad1	ebf8f00562fad83c	0	0	0
437-a-leading-continuation-marker-in-a-footnote-body-or-a-quote-is-text-3.crv	34cb3a05e64dde2b	3c8e71c0ad275cbf	0	0	0
437-a-leading-continuation-marker-in-a-footnote-body-or-a-quote-is-text-4.crv	bf3e3b6d858b0d6b	c6213070abfa1922	0	0	1
437-a-leading-continuation-marker-in-a-footnote-body-or-a-quote-is-text-5.crv	27e2b4e42332c2e5	60427bdf5787c918	0	0	1
437-a-leading-continuation-marker-in-a-footnote-body-or-a-quote-is-text-6.crv	86cf3fc1d63aa810	cc9578d5de3631bb	0	0	1
437-a-leading-continuation-marker-in-a-footnote-body-or-a-quote-is-text.crv	d8ead8af54497ad7	8f90300f16f21e93	0	0	0
438-an-empty-description-body-is-written-with-the-empty-sentinel-2.crv	48ff24b18c2ca29a	20332e1697b18b98	0	0	1
438-an-empty-description-body-is-written-with-the-empty-sentinel-3.crv	94aaf30d2af0d59e	13e351ba92bca9a9	0	0	1
438-an-empty-description-body-is-written-with-the-empty-sentinel-4.crv	6952174fc6082674	c0b1fbd98b0b4041	0	0	1
438-an-empty-description-body-is-written-with-the-empty-sentinel-5.crv	af6b339501022838	7e7eb5bd197530e7	0	0	1
438-an-empty-description-body-is-written-with-the-empty-sentinel.crv	a16b657da7324219	ca015f406ccb4359	0	0	1
439-a-colon-followed-by-only-whitespace-is-not-a-description-2.crv	3db951297383bdc0	04db019c236a8c84	0	0	1
439-a-colon-followed-by-only-whitespace-is-not-a-description-3.crv	04fdb511491dc9ff	92e9f11de61926b1	0	0	1
439-a-colon-followed-by-only-whitespace-is-not-a-description-4.crv	c8ed1b7f58ef55ad	2728d328bfcab725	0	0	1
439-a-colon-followed-by-only-whitespace-is-not-a-description-5.crv	01428fc3ce816ed9	5dd20bb1d69e9f87	0	0	1
439-a-colon-followed-by-only-whitespace-is-not-a-description-6.crv	02252b1abd62d838	14b949ad4f79ca1e	0	0	1
439-a-colon-followed-by-only-whitespace-is-not-a-description-7.crv	8e6c775bd4e892c0	04db019c236a8c84	0	0	1
439-a-colon-followed-by-only-whitespace-is-not-a-description-8.crv	53585877ec5e66cf	6c07d8639e8e9dfc	0	0	1
439-a-colon-followed-by-only-whitespace-is-not-a-description.crv	fe7f42b49b7391b1	2728d328bfcab725	0	0	1
44-mentions-and-tags.crv	fd5bdaea736ce06a	4eef74a3010dabbc	0	0	0
440-a-raw-block-passes-its-attributes-through-untouched.crv	0b000ce70fd25c60	0a6b546f55251b03	0	0	1
441-a-definition-between-two-open-content-columns-reaches-the-outer-one-2.crv	d7344b78fc6be371	0128715cd0bc0c64	1	0	0
441-a-definition-between-two-open-content-columns-reaches-the-outer-one-3.crv	bf3337cdc3cac330	e9e83bf8ac7feffa	0	0	0
441-a-definition-between-two-open-content-columns-reaches-the-outer-one-4.crv	518a0c4ddd7d4401	7a4e7f48274c0732	1	0	0
441-a-definition-between-two-open-content-columns-reaches-the-outer-one.crv	4c38430330a2e842	a16b1d3577d9deab	0	0	0
442-a-marker-folds-only-strictly-between-the-item-s-base-and-content-column-2.crv	b643d50beebef1a1	3c82a223e78e562f	1	0	1
442-a-marker-folds-only-strictly-between-the-item-s-base-and-content-column-3.crv	bcd2937ba1feec4d	f6d54d2dd687a2bb	0	0	1
442-a-marker-folds-only-strictly-between-the-item-s-base-and-content-column-4.crv	20688abf4318246f	011143fcfd635e37	0	0	1
442-a-marker-folds-only-strictly-between-the-item-s-base-and-content-column-5.crv	4c5501d0e60b59a6	73da1a82b9c64b97	1	0	1
442-a-marker-folds-only-strictly-between-the-item-s-base-and-content-column-6.crv	5cac20245419febc	bb8e5485122dc2f8	1	0	1
442-a-marker-folds-only-strictly-between-the-item-s-base-and-content-column-7.crv	c95c889c56555128	5d2d7a8b27dbf268	0	0	1
442-a-marker-folds-only-strictly-between-the-item-s-base-and-content-column-8.crv	73927e6612c31934	e505a19f1cb54553	0	0	0
442-a-marker-folds-only-strictly-between-the-item-s-base-and-content-column-9.crv	98b49182ddca169b	fac24bb6452f66c0	1	0	1
442-a-marker-folds-only-strictly-between-the-item-s-base-and-content-column.crv	5f4e3c5e3799730e	c312b298e29e3021	0	0	1
443-an-unterminated-comment-fence-in-a-list-item-is-the-line-form-10.crv	da99e0351e1931ba	26132fd3f72edba7	0	0	1
443-an-unterminated-comment-fence-in-a-list-item-is-the-line-form-2.crv	2944f7fd44ed6500	d541d9c7f48a524f	0	0	1
443-an-unterminated-comment-fence-in-a-list-item-is-the-line-form-3.crv	9f9961ce5ef28efe	8cc515015962a0a0	0	0	1
443-an-unterminated-comment-fence-in-a-list-item-is-the-line-form-4.crv	2c3a04346d9fec55	1b3d87f3ae235596	0	0	1
443-an-unterminated-comment-fence-in-a-list-item-is-the-line-form-5.crv	dc60d409586ad80f	dfac6021c3d19dd8	0	0	1
443-an-unterminated-comment-fence-in-a-list-item-is-the-line-form-6.crv	5edb83079d12cb9f	f7d2cf0214d0de21	0	0	1
443-an-unterminated-comment-fence-in-a-list-item-is-the-line-form-7.crv	2972d03be1f080c5	d84e8df88bd05a07	0	0	1
443-an-unterminated-comment-fence-in-a-list-item-is-the-line-form-8.crv	6cdf6f8dcb0091a7	581e7264cab5749c	0	0	1
443-an-unterminated-comment-fence-in-a-list-item-is-the-line-form-9.crv	3114fa5a30b31741	c9b47d4f71b30ed0	0	0	1
443-an-unterminated-comment-fence-in-a-list-item-is-the-line-form.crv	b436e90808e5434f	be2b886721afd70d	0	0	1
444-an-opener-at-or-past-a-description-body-s-column-closes-its-paragraph-10.crv	3a6d98b18d07a7b7	7a07589ace3ad691	0	0	1
444-an-opener-at-or-past-a-description-body-s-column-closes-its-paragraph-11.crv	2af48f30e93166d0	76d0214cc6b2f9bf	0	0	1
444-an-opener-at-or-past-a-description-body-s-column-closes-its-paragraph-12.crv	112af202108bce2b	2afb278431fd4628	0	0	1
444-an-opener-at-or-past-a-description-body-s-column-closes-its-paragraph-13.crv	65279ace28323066	028e01b0a10e1966	1	0	1
444-an-opener-at-or-past-a-description-body-s-column-closes-its-paragraph-14.crv	26ad3e97b6e5b78d	89defc0d46836e58	0	0	1
444-an-opener-at-or-past-a-description-body-s-column-closes-its-paragraph-15.crv	426674b1a9ac8fca	032c773cbe0e11d7	0	0	1
444-an-opener-at-or-past-a-description-body-s-column-closes-its-paragraph-2.crv	b6ba00a0727fc570	7a0835ecf7fc0784	0	0	1
444-an-opener-at-or-past-a-description-body-s-column-closes-its-paragraph-3.crv	271a2d02547afadb	252f0b3790f85d0c	0	0	1
444-an-opener-at-or-past-a-description-body-s-column-closes-its-paragraph-4.crv	d67cb168b8285ea3	2ea4a6671bb896cb	0	0	1
444-an-opener-at-or-past-a-description-body-s-column-closes-its-paragraph-5.crv	2e2e61a7e5a40a60	5f612a8d0b455693	0	0	1
444-an-opener-at-or-past-a-description-body-s-column-closes-its-paragraph-6.crv	d488cc61f30b3b66	5102da8d65feaa51	0	0	1
444-an-opener-at-or-past-a-description-body-s-column-closes-its-paragraph-7.crv	a1e3a5df2633e28d	595b971a6965af69	1	0	1
444-an-opener-at-or-past-a-description-body-s-column-closes-its-paragraph-8.crv	4463113c18993268	f069036796464b11	1	0	1
444-an-opener-at-or-past-a-description-body-s-column-closes-its-paragraph-9.crv	cdc48b83705e951e	172e2d7212a1d0ad	0	0	1
444-an-opener-at-or-past-a-description-body-s-column-closes-its-paragraph.crv	45aafa07f6cf868f	effb2a12525c5899	0	0	1
445-a-degraded-comment-fence-at-a-container-s-column-0-keeps-the-follower-in-the-item-10.crv	e2da438c139baba4	0cb6f81afffe8a29	0	0	1
445-a-degraded-comment-fence-at-a-container-s-column-0-keeps-the-follower-in-the-item-11.crv	4d4cd07049335f04	c2d3fcab2fedbaed	0	0	0
445-a-degraded-comment-fence-at-a-container-s-column-0-keeps-the-follower-in-the-item-2.crv	3fe71254893dabcc	3c56244dca8d3738	0	0	1
445-a-degraded-comment-fence-at-a-container-s-column-0-keeps-the-follower-in-the-item-3.crv	7e6857bf18a7e365	42e4d80f5fc4d55b	0	0	1
445-a-degraded-comment-fence-at-a-container-s-column-0-keeps-the-follower-in-the-item-4.crv	48f88e52ec3d4891	d0b70d5b63b844cd	0	0	1
445-a-degraded-comment-fence-at-a-container-s-column-0-keeps-the-follower-in-the-item-5.crv	aee98c3b3e7afe4e	c3feca985e6d5270	0	0	1
445-a-degraded-comment-fence-at-a-container-s-column-0-keeps-the-follower-in-the-item-6.crv	060c0553c1c367ba	b908d1429d65c198	0	0	1
445-a-degraded-comment-fence-at-a-container-s-column-0-keeps-the-follower-in-the-item-7.crv	80a61354075e39b7	130a4182239d5598	0	0	1
445-a-degraded-comment-fence-at-a-container-s-column-0-keeps-the-follower-in-the-item-8.crv	67a2cfae9443f2da	ea27255175900f7f	0	0	1
445-a-degraded-comment-fence-at-a-container-s-column-0-keeps-the-follower-in-the-item-9.crv	55fc1c7c665fcea6	c68696042fa9acc5	0	0	1
445-a-degraded-comment-fence-at-a-container-s-column-0-keeps-the-follower-in-the-item.crv	4417eab98e5efe7e	5c789d28a368bbe0	0	0	1
446-a-degraded-comment-fence-leaves-a-lazy-follower-where-the-line-form-does-2.crv	3b2d68fe7c2c9eae	006098c3e165d343	0	0	1
446-a-degraded-comment-fence-leaves-a-lazy-follower-where-the-line-form-does-3.crv	291912c80fa4b8b0	a32d1b65cfafb805	0	0	1
446-a-degraded-comment-fence-leaves-a-lazy-follower-where-the-line-form-does-4.crv	4faa684feaa3c92e	94524f65d87de692	0	0	1
446-a-degraded-comment-fence-leaves-a-lazy-follower-where-the-line-form-does-5.crv	b154ea6a5afe042f	f01c16efb777f731	0	0	1
446-a-degraded-comment-fence-leaves-a-lazy-follower-where-the-line-form-does-6.crv	c0055464f1a23b34	9841c33b032a2ef5	0	0	1
446-a-degraded-comment-fence-leaves-a-lazy-follower-where-the-line-form-does-7.crv	9f4949e4e2d7302b	da25afe664bf2aba	0	0	1
446-a-degraded-comment-fence-leaves-a-lazy-follower-where-the-line-form-does-8.crv	9ed2aea4d1b86bca	dd03792698cdeea4	0	0	1
446-a-degraded-comment-fence-leaves-a-lazy-follower-where-the-line-form-does-9.crv	5067ec1f37c126a6	3fbc16f1c4320643	0	0	0
446-a-degraded-comment-fence-leaves-a-lazy-follower-where-the-line-form-does.crv	b68070aa866b60be	a3c186b948747b51	0	0	1
447-the-host-does-not-change-which-column-a-definition-reaches-10.crv	3e4ba1613c4a5a35	62c3936a83be12a9	0	0	0
447-the-host-does-not-change-which-column-a-definition-reaches-11.crv	03c220018c52ce44	1b07c0d8be5f943e	0	0	0
447-the-host-does-not-change-which-column-a-definition-reaches-12.crv	f2a99318478f8c23	4179da7dbb824d07	1	0	1
447-the-host-does-not-change-which-column-a-definition-reaches-13.crv	c56258d712f2a27c	b2de913789e55901	0	0	1
447-the-host-does-not-change-which-column-a-definition-reaches-14.crv	f5653feb56b119ba	1a08f86a7b9b9c59	0	0	0
447-the-host-does-not-change-which-column-a-definition-reaches-15.crv	e4d55d0e3c738853	9343f86226a44539	0	0	0
447-the-host-does-not-change-which-column-a-definition-reaches-16.crv	6576b3f0869de1ae	8f3a410a46223aa6	0	0	1
447-the-host-does-not-change-which-column-a-definition-reaches-17.crv	8766d88d38dde7c1	4586b82b0d22b63e	1	0	1
447-the-host-does-not-change-which-column-a-definition-reaches-18.crv	2f2e79de64ad43ea	b0559ab0557d74de	0	0	1
447-the-host-does-not-change-which-column-a-definition-reaches-19.crv	3238a42ece3bc369	57fecbeeeff90415	0	0	1
447-the-host-does-not-change-which-column-a-definition-reaches-2.crv	5b3de3f6b978bc3a	5de879495b28a159	1	0	1
447-the-host-does-not-change-which-column-a-definition-reaches-20.crv	f4923ef6b1a12b52	db93f1e803da7888	0	0	1
447-the-host-does-not-change-which-column-a-definition-reaches-21.crv	264d8035752527c5	ceb8e07eb8746c9a	1	0	1
447-the-host-does-not-change-which-column-a-definition-reaches-22.crv	448d7e3af615474b	0e7d9e90f1e0a19f	1	0	1
447-the-host-does-not-change-which-column-a-definition-reaches-23.crv	92d8b6822d835818	6f2c04fe9b13896a	1	0	1
447-the-host-does-not-change-which-column-a-definition-reaches-24.crv	fb8830cda7eee957	c15a69a30534bd01	0	0	1
447-the-host-does-not-change-which-column-a-definition-reaches-3.crv	25bb4383dd1b4785	0b6811b6da96b7c9	0	0	1
447-the-host-does-not-change-which-column-a-definition-reaches-4.crv	90c2527b96979009	62e795f7e501863a	1	0	1
447-the-host-does-not-change-which-column-a-definition-reaches-5.crv	95fa6a71d22e4852	027a5671fa57187c	1	0	1
447-the-host-does-not-change-which-column-a-definition-reaches-6.crv	8032f8d7b5104d33	2281a837d35f4bcc	0	0	1
447-the-host-does-not-change-which-column-a-definition-reaches-7.crv	b89238364e55bce7	f71a5d785540e58a	1	0	0
447-the-host-does-not-change-which-column-a-definition-reaches-8.crv	c762b29db5c0de64	228ebec3681e8241	0	0	0
447-the-host-does-not-change-which-column-a-definition-reaches-9.crv	e19681d0436f5121	cfed19ea46e63dd0	1	0	1
447-the-host-does-not-change-which-column-a-definition-reaches.crv	0760d0e21f5c0474	4321fe0c78a63956	0	0	1
448-a-marker-folds-into-a-quote-below-it-2.crv	78f8f265e65ca79b	9bb9dcd53cb8e663	0	0	1
448-a-marker-folds-into-a-quote-below-it-3.crv	e2ad88e89f5a67ef	d334aad3a2e2709b	0	0	1
448-a-marker-folds-into-a-quote-below-it-4.crv	50bbf2151abf32fd	9ca528c32dc47cca	0	0	1
448-a-marker-folds-into-a-quote-below-it-5.crv	d5e7e185c604bc8b	21f07ad5450d9962	0	0	1
448-a-marker-folds-into-a-quote-below-it-6.crv	f4ae39acea6f3da0	2b7443b10532077c	0	0	1
448-a-marker-folds-into-a-quote-below-it-7.crv	c0d0a21762f793a9	2062828530b13561	0	0	1
448-a-marker-folds-into-a-quote-below-it-8.crv	97c697bd69e90c0e	efaddf4d3e46db50	0	0	1
448-a-marker-folds-into-a-quote-below-it-9.crv	5612dfc2f1fc944b	0543fa0e901afc83	0	0	1
448-a-marker-folds-into-a-quote-below-it.crv	483d65ba91170c73	3a632d23168341ef	0	0	1
449-a-comment-below-a-description-body-s-column-ends-the-body-10.crv	974e19e4ee540425	78b0f01e1e3a04d2	0	0	2
449-a-comment-below-a-description-body-s-column-ends-the-body-11.crv	7d2a58181c70cf6e	504fbad30be8da90	0	0	2
449-a-comment-below-a-description-body-s-column-ends-the-body-12.crv	388a4624cfe511d6	58967a12d0b3cd38	0	0	2
449-a-comment-below-a-description-body-s-column-ends-the-body-13.crv	714c88f4e02083bc	cfa9144c0fbdfef6	0	0	1
449-a-comment-below-a-description-body-s-column-ends-the-body-2.crv	c432578f9ff71297	bf58488cbee40909	0	0	2
449-a-comment-below-a-description-body-s-column-ends-the-body-3.crv	b89ab3514dd5ae23	031ad81e8116208d	0	0	2
449-a-comment-below-a-description-body-s-column-ends-the-body-4.crv	186b081efa382815	fbc8e1c6f742bee6	0	0	1
449-a-comment-below-a-description-body-s-column-ends-the-body-5.crv	0ab7b3cc976176dd	8663fe0e50605de6	0	0	1
449-a-comment-below-a-description-body-s-column-ends-the-body-6.crv	344ff2502643e8ca	ce6b6d3fba81afcd	0	0	1
449-a-comment-below-a-description-body-s-column-ends-the-body-7.crv	bcd4ba316b614b4e	542048cd1c75b6e2	0	0	1
449-a-comment-below-a-description-body-s-column-ends-the-body-8.crv	4b3e0f21325e8850	5bde55fba804d6d9	0	0	1
449-a-comment-below-a-description-body-s-column-ends-the-body-9.crv	798bcc6b3b62a0c2	a76df44c4be82558	0	0	1
449-a-comment-below-a-description-body-s-column-ends-the-body.crv	7a4675abd45f21d3	295acd3d2f2d3b70	0	0	2
45-inline-extensions-10.crv	546d430fbae3e06a	28d07979a5b38039	0	0	0
45-inline-extensions-11.crv	3f92f93771ab969d	ceedff5ae374fb8b	0	0	0
45-inline-extensions-12.crv	10927969eb89d61e	3c712f28cf735d06	0	0	0
45-inline-extensions-13.crv	ea69c6b75ddc71f5	c91fe2aa7d3c30c1	0	0	0
45-inline-extensions-2.crv	29989734cbb1d1a7	ac8ccc1ca45db48b	0	0	0
45-inline-extensions-3.crv	ba659ff2aef4343d	657e71d61189e10f	0	0	0
45-inline-extensions-4.crv	ed9b2c8faccd3126	30a32b927164e493	0	0	0
45-inline-extensions-5.crv	ddc628e121f2bcab	0e298a946160f860	0	0	0
45-inline-extensions-6.crv	81b617619dd2d608	c0efc7d3a8a35076	0	0	0
45-inline-extensions-7.crv	5b323f48884980c5	065785b51e00beea	0	0	0
45-inline-extensions-8.crv	8d57f4b72edff17a	b8797ba247582150	0	0	0
45-inline-extensions-9.crv	9d3cd43ec98d8d6c	2f9787b801601aaa	0	0	0
45-inline-extensions.crv	c510a0ba2e1dc468	63a749ee211c3f22	0	0	0
450-a-closed-fence-in-a-description-body-ends-it-2.crv	c5b11ed8805ce303	a6d8b0c57dba445a	0	0	1
450-a-closed-fence-in-a-description-body-ends-it-3.crv	b4651f48cb442140	33334fe085220d0a	1	0	1
450-a-closed-fence-in-a-description-body-ends-it-4.crv	6493d25a7edf856a	23c92446e4c44b55	0	0	1
450-a-closed-fence-in-a-description-body-ends-it.crv	70cb2e2056bc2884	8150a2d221a6dd54	0	0	1
451-a-container-in-a-host-body-owns-a-line-past-its-own-content-column-2.crv	396aabab95d762ba	1e78059651463207	0	0	1
451-a-container-in-a-host-body-owns-a-line-past-its-own-content-column-3.crv	0ed1634524b660ac	01aca481e2519e67	0	0	0
451-a-container-in-a-host-body-owns-a-line-past-its-own-content-column-4.crv	adbe4f09a0eccf95	9eb8634555903da4	1	0	2
451-a-container-in-a-host-body-owns-a-line-past-its-own-content-column-5.crv	586ca98786785f88	aca8a7c43c9504c9	1	0	1
451-a-container-in-a-host-body-owns-a-line-past-its-own-content-column-6.crv	d2ebcea2e1f45251	3e0978e4c764b55c	0	0	1
451-a-container-in-a-host-body-owns-a-line-past-its-own-content-column-7.crv	8b569cb80baceeaa	c9ec69d955bf6482	0	0	1
451-a-container-in-a-host-body-owns-a-line-past-its-own-content-column-8.crv	c2089a0e1f94cea1	309c21ac6d506358	0	0	1
451-a-container-in-a-host-body-owns-a-line-past-its-own-content-column-9.crv	0f232f1d025a4580	9e8a96a3f4b9c7ed	1	0	1
451-a-container-in-a-host-body-owns-a-line-past-its-own-content-column.crv	f32afe94a35b9869	1c57d7d028ff976e	1	0	1
452-an-empty-unterminated-container-ends-at-a-flush-left-line-2.crv	9aa5cfbed8671468	ed64ba0209615387	1	0	1
452-an-empty-unterminated-container-ends-at-a-flush-left-line-3.crv	7fe2d299e8627ba0	b4ca0d9dae4836d0	1	0	1
452-an-empty-unterminated-container-ends-at-a-flush-left-line-4.crv	2576b214a1e08db6	f7864a152513e26d	1	0	1
452-an-empty-unterminated-container-ends-at-a-flush-left-line-5.crv	a127d9e3f6f878f9	ec16d24fcf8fcd97	1	0	1
452-an-empty-unterminated-container-ends-at-a-flush-left-line.crv	40e7bbdb06a5748b	3e1a8402af5ae499	1	0	1
453-a-row-whose-every-cell-is-blank-is-not-a-table-2.crv	e17961a3fcbe870c	7837f85e61de1460	0	0	0
453-a-row-whose-every-cell-is-blank-is-not-a-table-3.crv	d8c59c97ace0643b	dd6b04f6d27876dc	0	0	0
453-a-row-whose-every-cell-is-blank-is-not-a-table-4.crv	adb11bfeba93875f	4b07dbb92510db0e	0	0	0
453-a-row-whose-every-cell-is-blank-is-not-a-table-5.crv	908ca0bc42e155d2	c415e4213528e3f5	0	0	0
453-a-row-whose-every-cell-is-blank-is-not-a-table-6.crv	280555ab45dd1677	4769aee9179e1b5f	0	0	0
453-a-row-whose-every-cell-is-blank-is-not-a-table-7.crv	eee2decf3e27b772	c30dba05acf849c2	0	0	0
453-a-row-whose-every-cell-is-blank-is-not-a-table.crv	e89e720c68c3b7a0	88c1da01ba2b34c1	0	0	0
454-a-block-opener-past-a-nested-footnote-definition-opens-in-the-item-2.crv	002885557bedb7e2	600255d15d8afd80	2	0	1
454-a-block-opener-past-a-nested-footnote-definition-opens-in-the-item-3.crv	d7c08609477ee3e4	477ca6bf574224f6	1	0	1
454-a-block-opener-past-a-nested-footnote-definition-opens-in-the-item-4.crv	bd040f93d1ed6520	32502536d9e13ced	1	0	1
454-a-block-opener-past-a-nested-footnote-definition-opens-in-the-item.crv	a39cd273d74ce553	89aabe4e080798fa	2	0	1
455-an-unterminated-fence-on-a-nested-lead-in-a-description-body-owns-its-body-2.crv	fb3ae598548d625a	c5afd4ba69184c33	0	0	1
455-an-unterminated-fence-on-a-nested-lead-in-a-description-body-owns-its-body-3.crv	62d67493d7ce6929	133d192554845a39	0	0	1
455-an-unterminated-fence-on-a-nested-lead-in-a-description-body-owns-its-body-4.crv	25f7f5c1c4b71271	7ca39ed1aedb3f2a	0	0	1
455-an-unterminated-fence-on-a-nested-lead-in-a-description-body-owns-its-body.crv	18884dd59ba271c8	c8ba76abe9c4f501	0	0	1
456-a-definition-nested-past-a-footnote-body-is-a-note-and-a-reference-below-it-resolves-2.crv	3aa24c58f1877ec3	f274bb2a0eb7bb32	0	0	0
456-a-definition-nested-past-a-footnote-body-is-a-note-and-a-reference-below-it-resolves.crv	7f0a009153ec5a0a	c8b0f1b412ea0166	0	0	0
457-a-container-closer-closes-its-container-in-a-footnote-body-too-2.crv	396aabab95d762ba	1e78059651463207	0	0	1
457-a-container-closer-closes-its-container-in-a-footnote-body-too.crv	c1481cbe4c9c4f68	b37fe43cad93e384	0	0	0
458-a-wrapped-attribute-block-ends-at-its-quote-and-reaches-no-line-below-it-2.crv	0f603b9f26f38d60	b42591e4123f2241	1	0	0
458-a-wrapped-attribute-block-ends-at-its-quote-and-reaches-no-line-below-it-3.crv	db3cc973f34ea1de	2dabd46df45a09f8	0	0	2
458-a-wrapped-attribute-block-ends-at-its-quote-and-reaches-no-line-below-it.crv	f51053bceef682a0	28607cf5d35cf3d3	1	0	0
459-a-trailing-line-after-a-consumed-definition-is-placed-by-column-reach-2.crv	69f7ac874972f462	d9cdddbb1a909f5f	0	0	0
459-a-trailing-line-after-a-consumed-definition-is-placed-by-column-reach.crv	12495e4b717353ad	d0b44270f3d8dc21	0	0	0
46-symbols-2.crv	03e5f8af96a04f78	7f306bfde482b7b8	0	0	0
46-symbols-3.crv	9985553a0ea3b957	c83d33b820c90b00	0	0	0
46-symbols-4.crv	406f1f8924a083c1	f0951f418dcb1677	0	0	0
46-symbols.crv	df33b696a7ccc291	9fa6959c57a24832	0	0	0
460-a-nested-note-s-floor-is-two-columns-past-its-own-marker-2.crv	546c4ad562f93e32	c586a40ef3d439be	0	0	0
460-a-nested-note-s-floor-is-two-columns-past-its-own-marker-3.crv	37644576e0797692	d43b50d806a06e7d	0	0	0
460-a-nested-note-s-floor-is-two-columns-past-its-own-marker.crv	64a278257e9bfbc4	31ab3066982e0c74	0	0	0
461-a-column-0-line-after-a-description-hosted-note-is-a-document-sibling-2.crv	0b06b0e478ffd71f	68a0d962f1386563	1	0	1
461-a-column-0-line-after-a-description-hosted-note-is-a-document-sibling-3.crv	364ab1124b95376a	3c2a00e4e9fff727	1	0	1
461-a-column-0-line-after-a-description-hosted-note-is-a-document-sibling-4.crv	89642af10e5377da	50336ef3ad934ee9	1	0	1
461-a-column-0-line-after-a-description-hosted-note-is-a-document-sibling.crv	07edf22642e02f8a	5a9a58bcb8cc4d92	1	0	1
462-include-directive-with-no-resolver-renders-literal.crv	cb43c49d5a795f59	a138339e89e42106	0	0	0
463-a-bare-closer-does-not-reach-inside-a-braced-inline-2.crv	730c91d2ac50898f	b2975681d124e2eb	0	0	0
463-a-bare-closer-does-not-reach-inside-a-braced-inline-3.crv	aa64f80dffe5ea61	e50fb0648c9af761	0	0	0
463-a-bare-closer-does-not-reach-inside-a-braced-inline.crv	b5bde0509a72103e	613f7a8db5cc7013	0	0	0
464-a-block-that-opens-a-tight-item-is-written-on-the-marker-line-2.crv	624a219a174ff49f	1ff224e0db6d110e	0	0	1
464-a-block-that-opens-a-tight-item-is-written-on-the-marker-line-3.crv	da45479d0c0104a1	a9e228b39ede9ef8	0	0	2
464-a-block-that-opens-a-tight-item-is-written-on-the-marker-line.crv	a9450a942328ea0a	ea51a4e939ac57fa	0	0	1
465-an-underscore-pair-in-text-is-escaped-where-the-line-would-pair-it.crv	30c7be3c5d84198c	60567cb44d765a0b	0	0	0
466-the-round-trip-comparison-normalizes-a-named-list-2.crv	81e8d82a5181308d	d2a6785c3a74bfa8	0	0	0
466-the-round-trip-comparison-normalizes-a-named-list.crv	ffa1d841a4d173aa	570c2104f02fe0c7	0	0	0
467-a-bare-closer-does-not-reach-inside-a-link-destination-2.crv	40483974f35b2cf1	62e02578833622ea	0	0	0
467-a-bare-closer-does-not-reach-inside-a-link-destination.crv	fee8c66f44bcc735	75d7a10bcaf15871	0	0	0
468-an-underscore-pair-split-across-a-line-break-is-escaped.crv	8eb7c80e091df781	13979f218217d2ea	0	0	0
469-an-empty-link-destination-is-not-a-link-2.crv	389f367cf850115b	e118e1b51295f7fd	0	0	0
469-an-empty-link-destination-is-not-a-link-3.crv	748318c25c579911	fc07b2aae5bb2346	0	0	0
469-an-empty-link-destination-is-not-a-link.crv	ee2ff20ec1a85f28	6afec3dfce132e3c	0	0	0
47-numbered-cross-references-10.crv	ff5f4c2b9a838392	111bbd7073568b66	0	0	1
47-numbered-cross-references-11.crv	00c30761b83bb581	e0e3cc94c3427a98	0	0	1
47-numbered-cross-references-2.crv	71003b75980dcbc3	664a41aa06360b37	0	0	2
47-numbered-cross-references-3.crv	8f87478b2551b0a7	9836d274a713a70e	0	0	1
47-numbered-cross-references-4.crv	0c682c0be304575d	f18f29fe8495d8f9	0	0	1
47-numbered-cross-references-5.crv	1455facdd3450bed	770fb9cdc29e2b53	0	0	2
47-numbered-cross-references-6.crv	370fca425fa558ee	41e3f278fe71996b	0	0	1
47-numbered-cross-references-7.crv	d119734a21246b7a	300e8f26ed7bf342	0	0	1
47-numbered-cross-references-8.crv	f7f125e7838237a1	0981dc7e1e62f3b5	0	0	1
47-numbered-cross-references-9.crv	fb1e28246dca3c32	183edce523b15e7c	0	0	1
47-numbered-cross-references.crv	d366a087a604fe0b	d51380e1549326de	0	0	1
470-a-quote-is-an-ordinary-link-destination-character-2.crv	6cc179d4449e553f	7a9fdff40f825d93	0	0	0
470-a-quote-is-an-ordinary-link-destination-character-3.crv	d04cb5808d6f61ae	ac8e96cbd8fd6b18	0	0	0
470-a-quote-is-an-ordinary-link-destination-character-4.crv	659f29aa301c6567	24bcd8578c3a3c70	0	0	0
470-a-quote-is-an-ordinary-link-destination-character-5.crv	e0764c59dc9d0ed8	96fe2c614c54f41e	0	0	0
470-a-quote-is-an-ordinary-link-destination-character.crv	58c7c64448003a55	7b83d44b21112b07	0	0	0
471-a-forced-opener-of-an-open-kind-is-literal-2.crv	8010a0d6db896ce2	ef176311ad5086ad	0	0	0
471-a-forced-opener-of-an-open-kind-is-literal-3.crv	1613e85303594934	9c0cf10571afe592	0	0	0
471-a-forced-opener-of-an-open-kind-is-literal-4.crv	7aa580849846ac89	97e24df837c24760	0	0	0
471-a-forced-opener-of-an-open-kind-is-literal-5.crv	7284324788400eb9	82325e48a308cc96	0	0	0
471-a-forced-opener-of-an-open-kind-is-literal-6.crv	c8736569d5022be1	0f1728a183aa1966	0	0	0
471-a-forced-opener-of-an-open-kind-is-literal-7.crv	6db8a6795deb5d40	6f4cda84589ce7b7	0	0	0
471-a-forced-opener-of-an-open-kind-is-literal-8.crv	fa65e4d6cfa9f64f	f58286bb2d6b7d80	0	0	0
471-a-forced-opener-of-an-open-kind-is-literal.crv	23956e7eb24129d5	9fbbebc813e45b25	0	0	0
472-substitution-content-is-inline-and-only-a-top-level-arrow-splits-it-2.crv	b3c11f6254bace62	c0adda71c4e59126	0	0	0
472-substitution-content-is-inline-and-only-a-top-level-arrow-splits-it.crv	06201af4b0d598a1	6eab4aa28024aae0	0	0	0
473-a-run-of-asterisks-inside-a-combined-token-is-content-2.crv	7dbd9594b2cd14be	bc964f655582c019	0	0	0
473-a-run-of-asterisks-inside-a-combined-token-is-content.crv	4c2fb6a85c51bbb1	ae0da152ee05efcf	0	0	0
474-glued-attribute-blocks-on-an-inline-element-merge-2.crv	07b5337933526e5e	29141e1ed1c26f83	0	0	0
474-glued-attribute-blocks-on-an-inline-element-merge-3.crv	fa1161fca13bfff1	b64193d845da6036	0	0	0
474-glued-attribute-blocks-on-an-inline-element-merge.crv	b1a3ae77f932cae9	994f78e4ac832a48	0	0	0
475-footnote-references-take-an-attribute-run-editorial-substitution-and-comment-take-none-2.crv	a75d3e24249dfcc0	cbe56f8e4ae57481	0	0	0
475-footnote-references-take-an-attribute-run-editorial-substitution-and-comment-take-none-3.crv	6b301235a3d93a6f	ba5101de9871a6d8	0	0	0
475-footnote-references-take-an-attribute-run-editorial-substitution-and-comment-take-none.crv	ff44fc96ebec316a	9d37e7739556d810	0	0	0
476-an-item-s-fence-is-read-once-whatever-block-it-follows-2.crv	67782523d61130b0	4b2b64bf3b2ca13a	1	0	1
476-an-item-s-fence-is-read-once-whatever-block-it-follows.crv	e9820b7e1c74a4c5	dac5c9fea3aa30ff	1	0	1
477-a-code-span-closes-only-on-a-run-of-its-own-length-whatever-the-length-10.crv	6ad0c4eaa9eca41f	8016c1bef7adde69	0	0	1
477-a-code-span-closes-only-on-a-run-of-its-own-length-whatever-the-length-2.crv	590d3262b39cea27	74e8521dea4e9978	0	0	0
477-a-code-span-closes-only-on-a-run-of-its-own-length-whatever-the-length-3.crv	c3ff9d0a5e34bb93	7fed796d2fcac9ea	0	0	0
477-a-code-span-closes-only-on-a-run-of-its-own-length-whatever-the-length-4.crv	86c2e6825924dbd4	6a2e1a9b52507698	0	0	0
477-a-code-span-closes-only-on-a-run-of-its-own-length-whatever-the-length-5.crv	42b78d520563353f	8d63d9d15b8ce941	0	0	0
477-a-code-span-closes-only-on-a-run-of-its-own-length-whatever-the-length-6.crv	c3c4d4bfea0dc105	cf984afc0f8c9b51	0	0	0
477-a-code-span-closes-only-on-a-run-of-its-own-length-whatever-the-length-7.crv	1ac1ce622ffdd058	ad324afd65a009ac	0	0	0
477-a-code-span-closes-only-on-a-run-of-its-own-length-whatever-the-length-8.crv	768855d240f11f42	0875e644a80d02e0	0	0	0
477-a-code-span-closes-only-on-a-run-of-its-own-length-whatever-the-length-9.crv	65963357f3f63b32	4b20ad78a4ed1e0d	0	0	0
477-a-code-span-closes-only-on-a-run-of-its-own-length-whatever-the-length.crv	287deb975014b1cc	237783309eddfcce	0	0	0
478-a-definition-body-s-open-code-fence-ends-at-a-line-below-its-column-2.crv	ec528664c434542d	a885453c5a0ac31f	0	0	1
478-a-definition-body-s-open-code-fence-ends-at-a-line-below-its-column-3.crv	df9ede4d209d0103	d7def12a295bbe80	1	0	1
478-a-definition-body-s-open-code-fence-ends-at-a-line-below-its-column-4.crv	9854b7e4a79b68a9	1987060e3f06d892	0	0	1
478-a-definition-body-s-open-code-fence-ends-at-a-line-below-its-column-5.crv	b5a8e1f6d168980c	512afd16a9711d12	2	0	1
478-a-definition-body-s-open-code-fence-ends-at-a-line-below-its-column.crv	5c6cb04bc8681ff3	9b9635c4c7718139	1	0	1
479-a-closer-below-the-container-s-column-does-not-count-2.crv	910773d2028105d0	51cd28925e64b9cc	1	0	1
479-a-closer-below-the-container-s-column-does-not-count-3.crv	0a8b4867cb24e9b2	1910d41ffee17888	1	0	1
479-a-closer-below-the-container-s-column-does-not-count-4.crv	d94f2f9ec79814dc	c7a01f011f79f312	1	0	1
479-a-closer-below-the-container-s-column-does-not-count-5.crv	864b44f68ebc47e1	48d7455b61035e90	2	0	1
479-a-closer-below-the-container-s-column-does-not-count-6.crv	f8abc511e22cfa33	8410e27f30300742	0	0	1
479-a-closer-below-the-container-s-column-does-not-count-7.crv	030e1cc54f053dcd	e3ef09e4f4bda373	0	0	2
479-a-closer-below-the-container-s-column-does-not-count.crv	aa55070bfef6a01c	2e39ad3b394e9a79	1	0	1
48-table-column-alignment.crv	78dd901030a05fcc	8a6012673a0729ef	0	0	1
480-a-bare-colon-opener-in-a-description-body-is-an-opener-2.crv	0697a3cbb1d1e14f	6b2e305964a65885	1	0	1
480-a-bare-colon-opener-in-a-description-body-is-an-opener-3.crv	8e069ccf8d68114c	fdd3f1001e85e31f	1	0	1
480-a-bare-colon-opener-in-a-description-body-is-an-opener-4.crv	dafee542335b95a7	f0b04c80e1b8d57e	1	0	1
480-a-bare-colon-opener-in-a-description-body-is-an-opener-5.crv	4dc622b69dc63a34	794a3761dad45945	0	0	1
480-a-bare-colon-opener-in-a-description-body-is-an-opener-6.crv	a3572599767d4de1	d4769f6942a53048	0	0	1
480-a-bare-colon-opener-in-a-description-body-is-an-opener-7.crv	88b1273f23329145	e1dd9f55d8375536	1	0	1
480-a-bare-colon-opener-in-a-description-body-is-an-opener.crv	c99d134f2d905da2	a464093d819552f9	1	0	1
481-a-bare-colon-run-interrupts-a-paragraph-whether-or-not-a-line-follows-it-2.crv	ea50871bf6e25552	a956ee82bf8a9bb3	1	0	1
481-a-bare-colon-run-interrupts-a-paragraph-whether-or-not-a-line-follows-it-3.crv	5e7898527526a79f	18bbdc65e3168502	1	0	1
481-a-bare-colon-run-interrupts-a-paragraph-whether-or-not-a-line-follows-it-4.crv	3ef2f57fa816e2e7	f9302c5c58cffda5	1	0	1
481-a-bare-colon-run-interrupts-a-paragraph-whether-or-not-a-line-follows-it-5.crv	0593f98b73eb745e	84372abf9babea8f	1	0	1
481-a-bare-colon-run-interrupts-a-paragraph-whether-or-not-a-line-follows-it-6.crv	9d51167250f9d875	ab08f28b77fddc64	3	0	1
481-a-bare-colon-run-interrupts-a-paragraph-whether-or-not-a-line-follows-it-7.crv	c56d048b06e71d25	a7456029aa470286	1	0	0
481-a-bare-colon-run-interrupts-a-paragraph-whether-or-not-a-line-follows-it.crv	a2c6d63590c4abaa	a615904580dadb90	1	0	0
482-a-closer-does-not-rescue-a-marker-line-colon-opener-whose-body-folded-in-10.crv	3f89b94319752260	7491b1d8aae697af	2	0	0
482-a-closer-does-not-rescue-a-marker-line-colon-opener-whose-body-folded-in-2.crv	1e341b71be5c8d22	a69ab2a498564d27	2	0	1
482-a-closer-does-not-rescue-a-marker-line-colon-opener-whose-body-folded-in-3.crv	1102a7e559b36213	ff1b862b314e919a	2	0	1
482-a-closer-does-not-rescue-a-marker-line-colon-opener-whose-body-folded-in-4.crv	0fef6a98ce9892e6	a3f4c9d7b5424bb0	2	0	1
482-a-closer-does-not-rescue-a-marker-line-colon-opener-whose-body-folded-in-5.crv	6a0765f43cf3b22c	f4dabc619748f561	2	0	1
482-a-closer-does-not-rescue-a-marker-line-colon-opener-whose-body-folded-in-6.crv	7c174bde1fd70472	4fb17519cf817aae	2	0	1
482-a-closer-does-not-rescue-a-marker-line-colon-opener-whose-body-folded-in-7.crv	b1d3aab0e3f1a05c	a83b66c06a885d3d	0	0	1
482-a-closer-does-not-rescue-a-marker-line-colon-opener-whose-body-folded-in-8.crv	5c17cdd4379d4e40	b7d955fbd27cf2ea	0	0	1
482-a-closer-does-not-rescue-a-marker-line-colon-opener-whose-body-folded-in-9.crv	f2c3b44660ec7c83	c852d7aa57c60238	1	0	1
482-a-closer-does-not-rescue-a-marker-line-colon-opener-whose-body-folded-in.crv	7fc90e2f450ec794	28dca01b6ee1d1f3	2	0	1
483-an-empty-term-marker-in-a-description-body-is-text-2.crv	9ae7638e278acd6f	b103e4c79fa8abbf	0	0	1
483-an-empty-term-marker-in-a-description-body-is-text-3.crv	36bd3ebb4cbb221e	df5f9b411fb2608c	0	0	1
483-an-empty-term-marker-in-a-description-body-is-text-4.crv	5465d81ad46659ce	b09a2a554806892d	0	0	1
483-an-empty-term-marker-in-a-description-body-is-text-5.crv	7c863c07eb5ad01b	c5ff49771f1e8854	0	0	1
483-an-empty-term-marker-in-a-description-body-is-text-6.crv	12b9c6da83b8d9ff	eb86b6c1b71ec4b8	0	0	1
483-an-empty-term-marker-in-a-description-body-is-text.crv	27ba217e825385e9	022fe3cb1ad2a0aa	0	0	1
484-a-delimiter-after-an-underscore-or-slash-opens-only-when-that-one-pairs-2.crv	74130b27ffae8a73	9438ea05b38045e1	0	0	0
484-a-delimiter-after-an-underscore-or-slash-opens-only-when-that-one-pairs-3.crv	37ba574423cfdd42	b92d769c11202669	0	0	0
484-a-delimiter-after-an-underscore-or-slash-opens-only-when-that-one-pairs-4.crv	b90cb740d8993587	495055793efab71d	0	0	0
484-a-delimiter-after-an-underscore-or-slash-opens-only-when-that-one-pairs-5.crv	3b8c01cb11cefabb	f96d9db6852c75a9	0	0	1
484-a-delimiter-after-an-underscore-or-slash-opens-only-when-that-one-pairs-6.crv	082e489014768da0	183711a623ee0bbd	0	0	0
484-a-delimiter-after-an-underscore-or-slash-opens-only-when-that-one-pairs.crv	5e1caee193b3357a	83ca310d49d9a98e	0	0	0
485-a-quote-after-an-escaped-quote-closes-2.crv	62263092c7dbff97	567f9c085eca8a1e	0	0	0
485-a-quote-after-an-escaped-quote-closes-3.crv	07400606ce69b303	097b4b82bcbd6c87	0	0	0
485-a-quote-after-an-escaped-quote-closes-4.crv	b9f850348bbcfb10	bafe25e63ef78a8f	0	0	0
485-a-quote-after-an-escaped-quote-closes-5.crv	f3897f2aaeb5c906	e7ae8ce2565857fa	0	0	0
485-a-quote-after-an-escaped-quote-closes.crv	ac5a53ee7bdce005	f974af03a01de288	0	0	0
486-any-character-is-content-of-the-combined-bold-italic-token-2.crv	b7294b65a57b2705	d1ed6edfe8356a05	0	0	0
486-any-character-is-content-of-the-combined-bold-italic-token-3.crv	56ead55d24082c94	17365db82972a9a1	0	0	0
486-any-character-is-content-of-the-combined-bold-italic-token-4.crv	f4680f3880dbe876	25626b472685a287	0	0	0
486-any-character-is-content-of-the-combined-bold-italic-token-5.crv	7a81318eef7e378c	76f75aa5d0b65ec8	0	0	0
486-any-character-is-content-of-the-combined-bold-italic-token-6.crv	fd15d5f9e2fc0a7c	47488fb9db9b89d4	0	0	0
486-any-character-is-content-of-the-combined-bold-italic-token-7.crv	862fcb89769fb4f3	1d0f6438b73b2a95	0	0	0
486-any-character-is-content-of-the-combined-bold-italic-token.crv	0235301f61ba3dbc	2d4a3aff8c8dbd05	0	0	0
487-a-form-feed-or-a-no-break-space-is-content-wherever-whitespace-is-tested-10.crv	51266fd54bed63f1	634d81651633edd2	1	1	1
487-a-form-feed-or-a-no-break-space-is-content-wherever-whitespace-is-tested-11.crv	ea4bf7c7c0a4055d	f080bb3f4e88b74f	1	1	1
487-a-form-feed-or-a-no-break-space-is-content-wherever-whitespace-is-tested-12.crv	81b4d44121005dcc	96a55168ff8f4876	0	0	0
487-a-form-feed-or-a-no-break-space-is-content-wherever-whitespace-is-tested-2.crv	8d46cf4287055611	fd971a7d0f954e56	0	0	0
487-a-form-feed-or-a-no-break-space-is-content-wherever-whitespace-is-tested-3.crv	2d3f9c283e9eff8f	9beeb72dd313600e	0	0	0
487-a-form-feed-or-a-no-break-space-is-content-wherever-whitespace-is-tested-4.crv	8f7b53806114df2a	d41d48975bff8f57	0	0	1
487-a-form-feed-or-a-no-break-space-is-content-wherever-whitespace-is-tested-5.crv	2260c08b228765d1	dda01d9c20ffda53	0	0	1
487-a-form-feed-or-a-no-break-space-is-content-wherever-whitespace-is-tested-6.crv	7f9453aeb3d12f66	46cc66c6a5299cc3	0	0	1
487-a-form-feed-or-a-no-break-space-is-content-wherever-whitespace-is-tested-7.crv	ed727c2c7c174ed6	7301eb49d352d07a	0	0	0
487-a-form-feed-or-a-no-break-space-is-content-wherever-whitespace-is-tested-8.crv	6c411e113827f2cc	0e68e09915f15c0e	0	0	1
487-a-form-feed-or-a-no-break-space-is-content-wherever-whitespace-is-tested-9.crv	246aa2cc6e2cbd27	841cd4b84460ce18	0	0	0
487-a-form-feed-or-a-no-break-space-is-content-wherever-whitespace-is-tested.crv	6921863ed566eca5	c781a16e9e9d58aa	0	0	0
488-a-quote-after-a-bare-delimiter-follows-what-that-delimiter-does-2.crv	33fba3804fa41194	40bab6b171001085	0	0	0
488-a-quote-after-a-bare-delimiter-follows-what-that-delimiter-does-3.crv	e75ae2ce29b6d7e3	f6f1dc6d3da5744b	0	0	0
488-a-quote-after-a-bare-delimiter-follows-what-that-delimiter-does-4.crv	7ed1631d62084150	d9bf16d32b430c61	0	0	0
488-a-quote-after-a-bare-delimiter-follows-what-that-delimiter-does-5.crv	7a7d81ea359b29ca	6c0571dfa9be1b9c	0	0	0
488-a-quote-after-a-bare-delimiter-follows-what-that-delimiter-does-6.crv	339036269694f746	aa1a5e6afd283c55	0	0	0
488-a-quote-after-a-bare-delimiter-follows-what-that-delimiter-does-7.crv	49d5e132181633ea	8a50bebc6801eec8	0	0	0
488-a-quote-after-a-bare-delimiter-follows-what-that-delimiter-does.crv	2c97adc441ad1b1b	541808763cb7c688	0	0	0
489-a-caption-s-placeholder-is-any-that-does-not-begin-a-tag-2.crv	baf3178af98bac6e	925a55faed638733	0	0	1
489-a-caption-s-placeholder-is-any-that-does-not-begin-a-tag-3.crv	efa40afaeafdb501	d4bbdaa43dcc91b4	0	0	1
489-a-caption-s-placeholder-is-any-that-does-not-begin-a-tag-4.crv	544b6f2d1d732a29	317bc32579f11a56	0	0	1
489-a-caption-s-placeholder-is-any-that-does-not-begin-a-tag-5.crv	3990efbcba807c40	55893ef8b04add54	0	0	1
489-a-caption-s-placeholder-is-any-that-does-not-begin-a-tag-6.crv	65b2beb0e8c2a60f	4827e9774df34f5d	0	0	1
489-a-caption-s-placeholder-is-any-that-does-not-begin-a-tag-7.crv	aa16952a14367546	010994b34ced40c6	0	0	1
489-a-caption-s-placeholder-is-any-that-does-not-begin-a-tag-8.crv	6bf809a4e962f844	d7bb162fd83cfc09	0	0	1
489-a-caption-s-placeholder-is-any-that-does-not-begin-a-tag-9.crv	ba1bf180e5931be5	bb41bcf8bb8700af	0	0	1
489-a-caption-s-placeholder-is-any-that-does-not-begin-a-tag.crv	0de022871559d080	99070c7f5fcfcf9d	0	0	1
49-table-per-cell-alignment-override.crv	c1c37fefd2b3fd8b	830ffa6bb4af8234	0	0	1
490-a-comment-inside-a-forced-span-or-the-combined-token-ends-at-its-closer-2.crv	1c1af38a4fce4893	0d39aa598b2e55c1	0	0	0
490-a-comment-inside-a-forced-span-or-the-combined-token-ends-at-its-closer-3.crv	91956f26f0e4df0e	7012cb9cbc127b57	0	0	0
490-a-comment-inside-a-forced-span-or-the-combined-token-ends-at-its-closer-4.crv	862fcb89769fb4f3	1d0f6438b73b2a95	0	0	0
490-a-comment-inside-a-forced-span-or-the-combined-token-ends-at-its-closer.crv	06cb03f7b0a38462	2c7d44e5413646c3	0	0	0
491-an-unresolved-reference-s-literal-source-is-html-escaped-like-any-other-text-2.crv	b98986f6997b3d48	65e7718572ee3165	2	0	0
491-an-unresolved-reference-s-literal-source-is-html-escaped-like-any-other-text-3.crv	cb2eeec8be24d8e5	532bc63ccd0e4905	1	0	0
491-an-unresolved-reference-s-literal-source-is-html-escaped-like-any-other-text.crv	7d9f5c91fa100ac7	837311d857ca65c8	2	0	0
492-adjacent-strong-spans-use-html-only-where-their-delimiters-merge.crv	bdf121b83d704f56	92ec7c8c0fb3b6db	0	0	0
493-empty-containers-share-one-html-body-shape-2.crv	731d6af46afd2867	4ca4a491a6a5ccb7	1	1	6
493-empty-containers-share-one-html-body-shape.crv	32f0e2061706af64	a085ffea9cbc91f2	0	0	1
494-an-explicit-table-head-span-keeps-one-row-group.crv	b9c129b33bbe5b3e	51d7b454be7abb26	0	0	1
495-a-table-foot-span-keeps-one-row-group.crv	ba2b9b2a1365549b	c204e5c82c847ed1	0	0	1
496-a-title-or-label-fills-the-container-body-slot-2.crv	60d07ca6248b67aa	b6ad44e4b153aa2f	0	0	2
496-a-title-or-label-fills-the-container-body-slot-3.crv	8b22748e02fc5082	525260f5a0ca3047	0	0	2
496-a-title-or-label-fills-the-container-body-slot-4.crv	7c882d85ebe1031b	4d89d5beb9cbf67a	0	0	2
496-a-title-or-label-fills-the-container-body-slot.crv	258e3c4e0724128c	a0d22cd03c702c42	0	0	1
497-a-footnotes-placement-marker-inside-a-container-does-not-place.crv	338ee3dd66f18425	85bd023c536b1609	1	0	1
498-a-comment-line-s-text-is-content-and-a-block-body-is-payload-2.crv	742a7e576acc7660	14dfe1e446e0aefd	0	0	0
498-a-comment-line-s-text-is-content-and-a-block-body-is-payload-3.crv	2966e3305d763307	4e577f3735e0402d	0	0	0
498-a-comment-line-s-text-is-content-and-a-block-body-is-payload-4.crv	42e4082cfb785617	c04dccf9ea933e84	0	0	1
498-a-comment-line-s-text-is-content-and-a-block-body-is-payload-5.crv	18282bcfdfc72f13	2e0e823d5203479c	0	0	0
498-a-comment-line-s-text-is-content-and-a-block-body-is-payload.crv	92cb87d46f7de55d	067be7610c56471e	0	0	1
499-a-footnotes-marker-renders-its-authored-blocks-before-the-placed-section.crv	54d2d49900d8b6f1	f9463b09e3fb308f	0	0	0
50-headerless-table-alignment.crv	5bf09b8073a754fc	ebbb040bbe803ca3	0	0	1
500-an-unplaced-footnotes-marker-keeps-its-authored-blocks-inside-the-div-2.crv	e8e79fbb0cff55ec	23d2684260591ec0	0	0	0
500-an-unplaced-footnotes-marker-keeps-its-authored-blocks-inside-the-div.crv	6d3982d2bf47558c	ee24993e32738386	0	0	0
501-a-core-directive-kind-class-leads-authored-attributes.crv	0281576bc3bbe1b4	1bc3f2ccea76fbad	0	0	1
502-an-attribute-line-under-an-attributed-sub-item-stays-in-that-item-2.crv	d44e054056ee1c4b	4f652af44a708d98	2	0	1
502-an-attribute-line-under-an-attributed-sub-item-stays-in-that-item-3.crv	00b8355cbcfabc20	b88d7fc7361020d4	2	0	1
502-an-attribute-line-under-an-attributed-sub-item-stays-in-that-item.crv	13a476c832e3e346	fed1ca2c905c4af3	2	0	1
503-a-block-opener-indented-under-a-definition-term-is-term-text-at-every-depth-10.crv	8122ffdf346c9653	8adb6d21994f410e	0	0	1
503-a-block-opener-indented-under-a-definition-term-is-term-text-at-every-depth-2.crv	b075e1e95ab4ade3	3a41f7be710aea19	1	0	1
503-a-block-opener-indented-under-a-definition-term-is-term-text-at-every-depth-3.crv	ecae5bf50784f5ca	29a883ae79979b28	1	0	2
503-a-block-opener-indented-under-a-definition-term-is-term-text-at-every-depth-4.crv	486547dee76b7171	3a661a2bf8cc7ea6	1	0	1
503-a-block-opener-indented-under-a-definition-term-is-term-text-at-every-depth-5.crv	d0a6c7835d482af4	4c6d37e46ff8b7e7	1	0	1
503-a-block-opener-indented-under-a-definition-term-is-term-text-at-every-depth-6.crv	a8a2237c611662cc	138f154531285127	1	0	1
503-a-block-opener-indented-under-a-definition-term-is-term-text-at-every-depth-7.crv	88e2a40c8f709750	f4f1c7502f15f92e	0	1	1
503-a-block-opener-indented-under-a-definition-term-is-term-text-at-every-depth-8.crv	c7c7b1c1b8f464b0	6a9def35f1ce60c9	0	0	1
503-a-block-opener-indented-under-a-definition-term-is-term-text-at-every-depth-9.crv	d8591458f2c25b5e	6e15465a61e9565e	0	0	1
503-a-block-opener-indented-under-a-definition-term-is-term-text-at-every-depth.crv	35fded36093ea120	92cf1b85d6fb6117	1	0	1
504-a-comment-or-a-definition-under-a-definition-term-folds-at-every-depth-10.crv	20858dabceb4904c	f8a76644a361ab7b	2	0	2
504-a-comment-or-a-definition-under-a-definition-term-folds-at-every-depth-11.crv	e10041df8ce0a700	f5c403373fee2b07	2	0	1
504-a-comment-or-a-definition-under-a-definition-term-folds-at-every-depth-12.crv	ec6ea9b29df53ff1	8e2e13f3ac7dcdff	2	0	1
504-a-comment-or-a-definition-under-a-definition-term-folds-at-every-depth-13.crv	303f5a5e19f3f9bc	5d74315614178b76	3	0	1
504-a-comment-or-a-definition-under-a-definition-term-folds-at-every-depth-14.crv	c23d79a54007ab37	4ba9d74cc2e18f3e	3	0	2
504-a-comment-or-a-definition-under-a-definition-term-folds-at-every-depth-15.crv	b47d071ea5e503d6	a5de6d3308549381	3	0	1
504-a-comment-or-a-definition-under-a-definition-term-folds-at-every-depth-16.crv	87c7ad0481ae8bcb	b5826110798608c4	3	0	1
504-a-comment-or-a-definition-under-a-definition-term-folds-at-every-depth-17.crv	a702b54e8fc22c3d	005a3a138ec94524	0	0	0
504-a-comment-or-a-definition-under-a-definition-term-folds-at-every-depth-18.crv	a8c574797f68dcaf	fe2c3d98d45360e6	0	0	1
504-a-comment-or-a-definition-under-a-definition-term-folds-at-every-depth-19.crv	d7d78aab73cffc01	44ce4614c93dd21e	0	0	1
504-a-comment-or-a-definition-under-a-definition-term-folds-at-every-depth-2.crv	c72414e27802f214	ecdbeca7fc11de33	0	0	2
504-a-comment-or-a-definition-under-a-definition-term-folds-at-every-depth-20.crv	b480f3fce7d9bb52	e8fc92f9c9b6aa9e	0	0	1
504-a-comment-or-a-definition-under-a-definition-term-folds-at-every-depth-21.crv	f4474e3ba5cb8d20	80333db6849da9e3	0	0	1
504-a-comment-or-a-definition-under-a-definition-term-folds-at-every-depth-22.crv	a0b2161da6aeb8fc	f066ec5efd4984c5	2	0	1
504-a-comment-or-a-definition-under-a-definition-term-folds-at-every-depth-23.crv	a50fe8d41b03b98e	df58fd3c498e51d2	1	0	1
504-a-comment-or-a-definition-under-a-definition-term-folds-at-every-depth-24.crv	a85c5b912a740f03	3d6c9088f0b8a59c	3	0	1
504-a-comment-or-a-definition-under-a-definition-term-folds-at-every-depth-25.crv	1545b15bb7708357	b6193b041185d3d7	2	0	1
504-a-comment-or-a-definition-under-a-definition-term-folds-at-every-depth-3.crv	f37687ebac973591	4c885563eb538d24	0	0	1
504-a-comment-or-a-definition-under-a-definition-term-folds-at-every-depth-4.crv	0fe81eb939baa75b	db3a1c41f984dc83	0	0	1
504-a-comment-or-a-definition-under-a-definition-term-folds-at-every-depth-5.crv	81c77256884f72cf	86aa61a50aa1be18	0	0	1
504-a-comment-or-a-definition-under-a-definition-term-folds-at-every-depth-6.crv	47923c6f0445a566	faffc3396d51ca7d	0	0	2
504-a-comment-or-a-definition-under-a-definition-term-folds-at-every-depth-7.crv	b6f7953fd3e9d6a0	b9d01da6a086426e	0	0	1
504-a-comment-or-a-definition-under-a-definition-term-folds-at-every-depth-8.crv	1a077237b315c0b3	96575076785ef154	0	0	1
504-a-comment-or-a-definition-under-a-definition-term-folds-at-every-depth-9.crv	898be8bb119f4875	3611bdcd203c4072	2	0	1
504-a-comment-or-a-definition-under-a-definition-term-folds-at-every-depth.crv	16c20e8218dc9b58	79b09114a22cc158	0	0	1
505-a-verbatim-line-keeps-what-sits-past-its-fence-opener-not-past-its-container-2.crv	322bdc2e67f7a02b	0510702bc6a82961	1	0	1
505-a-verbatim-line-keeps-what-sits-past-its-fence-opener-not-past-its-container-3.crv	21d13322c0b7e00c	bdfe1d08cb4462b6	0	0	0
505-a-verbatim-line-keeps-what-sits-past-its-fence-opener-not-past-its-container-4.crv	123c3cef87bc040d	2b80b66e2b5ccc5c	0	0	0
505-a-verbatim-line-keeps-what-sits-past-its-fence-opener-not-past-its-container.crv	3131c4ca56df212e	61eb3b6da05201d6	1	0	1
506-comment-columns-and-surviving-list-items-2.crv	f7cdb8e7cf97c7ce	d4cfc457a8778d9a	0	0	1
506-comment-columns-and-surviving-list-items-3.crv	fb95f41baafc0929	555fea411d7b9a11	0	0	1
506-comment-columns-and-surviving-list-items-4.crv	3a13da44ae8a51c6	d7498dbe6b1ff39e	0	0	1
506-comment-columns-and-surviving-list-items-5.crv	b221a1a2811255ad	9fee8bfdf9a2a4b0	0	0	1
506-comment-columns-and-surviving-list-items-6.crv	8002807dc712f733	47dfb2766770fad4	0	0	1
506-comment-columns-and-surviving-list-items-7.crv	bbd04cef74d02021	f339f67916cc79df	0	0	1
506-comment-columns-and-surviving-list-items-8.crv	1a89212c74447737	1fa88c4bfa4077e1	0	0	2
506-comment-columns-and-surviving-list-items.crv	4cfb36f9c8f7f612	bb64b3f3890181a9	0	0	1
507-a-list-marker-in-a-raised-colon-container-folds-into-its-open-paragraph-10.crv	6543fcf3bd188921	75e90b9030cf7448	2	0	1
507-a-list-marker-in-a-raised-colon-container-folds-into-its-open-paragraph-11.crv	61b9a61f0004c2a1	10d69ef4f11431e1	2	0	1
507-a-list-marker-in-a-raised-colon-container-folds-into-its-open-paragraph-12.crv	c68d6ac4c9883405	de8c0cf37ffc1357	2	0	1
507-a-list-marker-in-a-raised-colon-container-folds-into-its-open-paragraph-13.crv	75f63fbb46c13b0a	4a9e0645cbe761a9	1	0	1
507-a-list-marker-in-a-raised-colon-container-folds-into-its-open-paragraph-14.crv	1e19d30e0bb7ad0b	cf802c39b0c36caf	2	0	1
507-a-list-marker-in-a-raised-colon-container-folds-into-its-open-paragraph-15.crv	6ddef8debcd0bc07	d95a0e2dd330db62	2	0	1
507-a-list-marker-in-a-raised-colon-container-folds-into-its-open-paragraph-16.crv	a4b1638fe8313ad0	99649c1fedf11842	2	0	1
507-a-list-marker-in-a-raised-colon-container-folds-into-its-open-paragraph-2.crv	a436ee2258cd51df	51eda01b1a1f223c	2	0	1
507-a-list-marker-in-a-raised-colon-container-folds-into-its-open-paragraph-3.crv	9154acbc07afb19a	43bf48541e8eafed	2	0	1
507-a-list-marker-in-a-raised-colon-container-folds-into-its-open-paragraph-4.crv	e626ef9dc9e14adc	4c6739f5435afb1a	2	0	1
507-a-list-marker-in-a-raised-colon-container-folds-into-its-open-paragraph-5.crv	c2f44f4b9a83bf26	605b4c84b94e6a2a	2	0	1
507-a-list-marker-in-a-raised-colon-container-folds-into-its-open-paragraph-6.crv	9d632d8d81184d25	f7d293871afd43eb	2	0	1
507-a-list-marker-in-a-raised-colon-container-folds-into-its-open-paragraph-7.crv	173d7f1857c4faa5	d65e598d2f47ec2a	2	0	1
507-a-list-marker-in-a-raised-colon-container-folds-into-its-open-paragraph-8.crv	57cd2dd3a86715e6	ecb0b0814cc3f445	2	0	1
507-a-list-marker-in-a-raised-colon-container-folds-into-its-open-paragraph-9.crv	ca4e34d17d82ca58	65ad5a3dad00b543	2	0	1
507-a-list-marker-in-a-raised-colon-container-folds-into-its-open-paragraph.crv	7638fd5a1079961d	3e9afb8052dbfeba	2	0	1
508-a-comment-span-s-closer-below-its-host-s-column-stays-a-delimiter-2.crv	1ac8c2c29f322620	38048aab3b410500	0	0	1
508-a-comment-span-s-closer-below-its-host-s-column-stays-a-delimiter-3.crv	7bd81aa0b288ca4c	4aed6255173fb4bb	0	0	0
508-a-comment-span-s-closer-below-its-host-s-column-stays-a-delimiter-4.crv	f81ac652207a2d89	dd7c48842a3119e5	0	0	1
508-a-comment-span-s-closer-below-its-host-s-column-stays-a-delimiter-5.crv	4b8d2152401e998f	f9858ec8f3dacb5f	0	0	1
508-a-comment-span-s-closer-below-its-host-s-column-stays-a-delimiter-6.crv	cf5dc595a4ddde56	24146723f0d29b9e	0	0	1
508-a-comment-span-s-closer-below-its-host-s-column-stays-a-delimiter.crv	03b579e6f16e5b94	72e8a01e49a75b43	0	0	1
509-a-fence-closer-below-a-nested-item-s-column-ends-containers-down-to-its-owner-10.crv	28b4d6af0fb1e4c0	ba04819adec2d6b0	1	0	1
509-a-fence-closer-below-a-nested-item-s-column-ends-containers-down-to-its-owner-11.crv	7caf613e0278a098	63d45c2b59e4451b	1	0	1
509-a-fence-closer-below-a-nested-item-s-column-ends-containers-down-to-its-owner-12.crv	5c9a926eb8dcea65	14aa92a1bc1509e5	2	0	1
509-a-fence-closer-below-a-nested-item-s-column-ends-containers-down-to-its-owner-2.crv	3a7149fd3c7d6c70	2bb367a86630f8df	1	0	1
509-a-fence-closer-below-a-nested-item-s-column-ends-containers-down-to-its-owner-3.crv	3f9587332bd7d949	293fb360af07db9f	0	0	1
509-a-fence-closer-below-a-nested-item-s-column-ends-containers-down-to-its-owner-4.crv	80f632c2ef9731f8	435e27304f821e66	1	0	1
509-a-fence-closer-below-a-nested-item-s-column-ends-containers-down-to-its-owner-5.crv	e5ec9f569cf31307	c046c879a1ab1186	1	0	1
509-a-fence-closer-below-a-nested-item-s-column-ends-containers-down-to-its-owner-6.crv	90f96f158fbdff0f	9b1a390b51ca6d03	0	0	1
509-a-fence-closer-below-a-nested-item-s-column-ends-containers-down-to-its-owner-7.crv	ac9ac9506a224520	fa278342c0ac91f6	0	0	1
509-a-fence-closer-below-a-nested-item-s-column-ends-containers-down-to-its-owner-8.crv	eeb1656f74d7d43e	ab256a299fd81953	1	0	1
509-a-fence-closer-below-a-nested-item-s-column-ends-containers-down-to-its-owner-9.crv	ebb64820e17d4295	09f6b82e53ae253b	0	0	2
509-a-fence-closer-below-a-nested-item-s-column-ends-containers-down-to-its-owner.crv	a300f0b25bb1ea42	8808dcf5f2e2f489	0	0	2
51-table-without-alignment.crv	9f21eeae182bdba9	82d7d929778da09b	0	0	1
510-a-nested-quoted-term-leaves-no-paragraph-for-a-lazy-line.crv	f969a6b5700a5bec	d23973ecb342d958	0	0	0
511-a-fence-in-a-quote-stores-no-continuation-claim-10.crv	f70d93f7fd95cad6	a0a2119f093488a3	0	0	4
511-a-fence-in-a-quote-stores-no-continuation-claim-11.crv	5db3c3ec4e50f7d5	ef3ac298f63faa2d	0	0	3
511-a-fence-in-a-quote-stores-no-continuation-claim-2.crv	d6830a48f8badede	7665399758f1f795	0	0	3
511-a-fence-in-a-quote-stores-no-continuation-claim-3.crv	2dcb5f0ec3b14738	3241b07bbfc77d3f	0	0	3
511-a-fence-in-a-quote-stores-no-continuation-claim-4.crv	2022b7324ab9d527	8bf451d8dc9220e2	0	0	0
511-a-fence-in-a-quote-stores-no-continuation-claim-5.crv	93755e1edb6ed04d	c82d37ed323446e1	0	0	3
511-a-fence-in-a-quote-stores-no-continuation-claim-6.crv	bcc564d7b18d2394	b043f9fb97b7c395	0	1	3
511-a-fence-in-a-quote-stores-no-continuation-claim-7.crv	7f18dece5785ee7b	37b6e550092bdefc	0	0	3
511-a-fence-in-a-quote-stores-no-continuation-claim-8.crv	ff00855cd1b1e523	87ac5d9d8ae9b812	0	0	3
511-a-fence-in-a-quote-stores-no-continuation-claim-9.crv	8aa510a7e5b9e77e	c021b5160d9ce268	0	0	3
511-a-fence-in-a-quote-stores-no-continuation-claim.crv	7f73f1f2e0e823bd	a1f58c52e83ecc38	0	0	2
512-a-comment-span-s-closer-column-does-not-move-the-item-s-ownership-10.crv	07bbb07f73e5ad46	c6b4e9d44aa82d0b	0	0	1
512-a-comment-span-s-closer-column-does-not-move-the-item-s-ownership-11.crv	7dc0d6cb8cab8078	07f261922d4aa01a	0	0	1
512-a-comment-span-s-closer-column-does-not-move-the-item-s-ownership-12.crv	b9ad53f7846598a3	0cad75c0c107313a	0	0	1
512-a-comment-span-s-closer-column-does-not-move-the-item-s-ownership-13.crv	c2c4bb3e32e8b86d	87462eb5f820dbd1	0	0	0
512-a-comment-span-s-closer-column-does-not-move-the-item-s-ownership-2.crv	046d8a1c1232f01a	d01b736f8e5919a8	1	0	1
512-a-comment-span-s-closer-column-does-not-move-the-item-s-ownership-3.crv	616f0c10dd61aee7	45dd8e99b101306e	0	0	1
512-a-comment-span-s-closer-column-does-not-move-the-item-s-ownership-4.crv	3b3c9b20869eb82c	3a87ec117895cb6a	0	0	1
512-a-comment-span-s-closer-column-does-not-move-the-item-s-ownership-5.crv	57554ae1021a659f	11ac12b4942f8649	0	0	1
512-a-comment-span-s-closer-column-does-not-move-the-item-s-ownership-6.crv	b7e52078eae33732	2e56666b6e37eae7	0	0	1
512-a-comment-span-s-closer-column-does-not-move-the-item-s-ownership-7.crv	162301fef2a5b467	a6aa8aed128b3a88	0	0	1
512-a-comment-span-s-closer-column-does-not-move-the-item-s-ownership-8.crv	161525fe35774ca5	ffe38f8115b028f5	0	0	1
512-a-comment-span-s-closer-column-does-not-move-the-item-s-ownership-9.crv	0791d22cd32cb0ab	75f6ac95a51e7486	0	0	1
512-a-comment-span-s-closer-column-does-not-move-the-item-s-ownership.crv	3ff1228ee6e03dc3	028eef6db4bd3bfe	1	0	1
513-a-comment-span-opened-below-every-content-column-is-located-there-2.crv	f4b591763b9917e5	ecf829babb8e566e	0	0	1
513-a-comment-span-opened-below-every-content-column-is-located-there-3.crv	2b7e80859dd1963d	9a7598f258689f57	0	0	1
513-a-comment-span-opened-below-every-content-column-is-located-there-4.crv	19378acdf379f270	86f749a73691f811	0	0	1
513-a-comment-span-opened-below-every-content-column-is-located-there-5.crv	7eea734ed369ea6d	e4806979b568f3ef	0	0	1
513-a-comment-span-opened-below-every-content-column-is-located-there-6.crv	f1649db7f0b9a210	4c7f004afc5578b7	0	0	1
513-a-comment-span-opened-below-every-content-column-is-located-there-7.crv	fdfb0991850a1916	a6e08defc9dd9536	0	0	1
513-a-comment-span-opened-below-every-content-column-is-located-there-8.crv	28437199a8cea8e4	1b09a6d543bbe2e9	0	0	1
513-a-comment-span-opened-below-every-content-column-is-located-there.crv	264b82b7d2e3df52	75d8598e94cc5458	0	0	1
514-a-fence-a-container-inside-a-quote-holds-open-stores-no-claim-10.crv	edc2c584575b96ab	9b6c891398cf75be	0	0	2
514-a-fence-a-container-inside-a-quote-holds-open-stores-no-claim-11.crv	5fa16ff4ed80aed9	737c3c8cd4d29344	0	0	1
514-a-fence-a-container-inside-a-quote-holds-open-stores-no-claim-12.crv	d4739a866ff92338	45e61234f6787ef6	0	0	2
514-a-fence-a-container-inside-a-quote-holds-open-stores-no-claim-2.crv	82eeb3af77ad79d7	ff042c37b06277bf	0	0	2
514-a-fence-a-container-inside-a-quote-holds-open-stores-no-claim-3.crv	1997296b5598339e	d736e1c9094872c7	0	0	2
514-a-fence-a-container-inside-a-quote-holds-open-stores-no-claim-4.crv	5af4bbadc8210015	e5b4d9868c7831b7	0	0	2
514-a-fence-a-container-inside-a-quote-holds-open-stores-no-claim-5.crv	af6009ded0e6dd30	53cff0a98544a6df	0	0	2
514-a-fence-a-container-inside-a-quote-holds-open-stores-no-claim-6.crv	849c7f354f2f0e35	769d300ddfcd3d53	1	0	0
514-a-fence-a-container-inside-a-quote-holds-open-stores-no-claim-7.crv	e67f7aed0d3d905d	e78e73d3f363d983	0	0	2
514-a-fence-a-container-inside-a-quote-holds-open-stores-no-claim-8.crv	bbb5fb7a09535c0d	41e708f0dd6f7540	0	0	3
514-a-fence-a-container-inside-a-quote-holds-open-stores-no-claim-9.crv	4cb08807551eca0c	6a017a0c3cdf6a39	0	0	2
514-a-fence-a-container-inside-a-quote-holds-open-stores-no-claim.crv	f4ddb348d16658d7	7c79815f6d77b361	0	0	2
515-a-nested-marker-comment-keeps-its-own-ownership-2.crv	c6a3b796c14c7532	2625b053d43ac1e7	0	0	1
515-a-nested-marker-comment-keeps-its-own-ownership-3.crv	063e04959a6aacb7	7011a6b6e389bcd7	0	0	1
515-a-nested-marker-comment-keeps-its-own-ownership-4.crv	b026d9fedadab143	3226e1d79a91955f	0	0	1
515-a-nested-marker-comment-keeps-its-own-ownership-5.crv	92e6d3f968927a35	269b742bcbfcf19f	0	0	1
515-a-nested-marker-comment-keeps-its-own-ownership.crv	b46c6360e78a0d09	35d3ac0ed764617f	0	0	1
516-a-heading-comment-preserves-code-span-content-2.crv	1d03f4eb45ab18cb	c272c0205bb6cea0	0	1	1
516-a-heading-comment-preserves-code-span-content-3.crv	3a7eb96da46eaef1	18932b8be5ba03a9	0	1	1
516-a-heading-comment-preserves-code-span-content-4.crv	468fec6b4a5316b2	7f52df446782adba	0	1	1
516-a-heading-comment-preserves-code-span-content-5.crv	1d794d8af083aa8b	4894b49ecddcad24	0	1	1
516-a-heading-comment-preserves-code-span-content-6.crv	5750e2b92844f20e	085eb5c1f9b67dd6	0	1	1
516-a-heading-comment-preserves-code-span-content-7.crv	be6bf1fc22c9ef69	a065380dd6ba71d8	0	1	1
516-a-heading-comment-preserves-code-span-content-8.crv	d3b7674b81ce0a98	ddc268efbce2efc2	0	1	1
516-a-heading-comment-preserves-code-span-content.crv	dba0434df3502e8d	a5be095d9fced1b6	0	1	1
517-a-band-paragraph-after-an-invisible-line-leaves-the-item-loose-2.crv	be1d2ce94f80fa4a	73266e0b2965a7b1	0	0	1
517-a-band-paragraph-after-an-invisible-line-leaves-the-item-loose-3.crv	b3c18edf6de3d233	4c93b166a3a448f1	0	0	1
517-a-band-paragraph-after-an-invisible-line-leaves-the-item-loose-4.crv	f4d2d92bcbf7704b	2517c5bc32d9ea46	0	0	1
517-a-band-paragraph-after-an-invisible-line-leaves-the-item-loose-5.crv	0a442a8954a195f5	b4b4f96324cd5a91	0	0	1
517-a-band-paragraph-after-an-invisible-line-leaves-the-item-loose.crv	65766194a005b421	1dd1abb32a942a92	0	0	1
518-a-trailing-comment-takes-a-tab-a-run-start-and-its-whole-separator-10.crv	81b18d451e98e8c9	bf9ff7157e6fbcf7	0	0	1
518-a-trailing-comment-takes-a-tab-a-run-start-and-its-whole-separator-11.crv	9aad52b168a851ea	87325e6a5c6f13e1	0	0	0
518-a-trailing-comment-takes-a-tab-a-run-start-and-its-whole-separator-12.crv	864ac4fcfa6c49ab	126ad936ca72da49	0	0	0
518-a-trailing-comment-takes-a-tab-a-run-start-and-its-whole-separator-13.crv	d422cc582fe69e98	b89d472e548c153a	0	0	0
518-a-trailing-comment-takes-a-tab-a-run-start-and-its-whole-separator-2.crv	82e19dcd5faab009	e1d47b0c202365cc	0	0	0
518-a-trailing-comment-takes-a-tab-a-run-start-and-its-whole-separator-3.crv	70dd03049fb16d19	a7fa72d3e4468d68	0	0	1
518-a-trailing-comment-takes-a-tab-a-run-start-and-its-whole-separator-4.crv	06663520504ca7d7	c26b56fc9c1ecc25	0	0	1
518-a-trailing-comment-takes-a-tab-a-run-start-and-its-whole-separator-5.crv	528b120fe99125cd	58cb0ebee7a22298	0	0	1
518-a-trailing-comment-takes-a-tab-a-run-start-and-its-whole-separator-6.crv	1c5833e317806f2b	5ebc691cad094a7b	0	0	1
518-a-trailing-comment-takes-a-tab-a-run-start-and-its-whole-separator-7.crv	b3baa200bcc4a2a3	d58e633ab88b5396	0	0	1
518-a-trailing-comment-takes-a-tab-a-run-start-and-its-whole-separator-8.crv	24b0e2f7d098705b	5ec32c4bf688ad08	0	0	1
518-a-trailing-comment-takes-a-tab-a-run-start-and-its-whole-separator-9.crv	8ab7e01273f10bcd	98c68c8a285994ae	0	0	1
518-a-trailing-comment-takes-a-tab-a-run-start-and-its-whole-separator.crv	f33415edb2c8b6ba	88b94e65eb48f57f	0	0	0
519-a-shifted-fence-in-a-quoted-item-stores-no-continuation-claim-2.crv	9fb81582a1bb4a5a	8ab953659ce86c2c	1	0	3
519-a-shifted-fence-in-a-quoted-item-stores-no-continuation-claim-3.crv	bbd51c86cffc6624	1f459185ba4b7bb4	1	0	3
519-a-shifted-fence-in-a-quoted-item-stores-no-continuation-claim-4.crv	8878122ae8df6035	e18c6f497174e0e3	1	0	2
519-a-shifted-fence-in-a-quoted-item-stores-no-continuation-claim.crv	4d504fd1478dde95	276308ac3749f8ab	1	0	2
52-table-alignment-with-colspan.crv	52949526d5769921	856660d10da5fba3	0	0	1
520-a-dropped-raw-block-takes-no-line-in-the-container-that-holds-it-2.crv	804510739d0661a8	dd51799af59240c5	0	0	1
520-a-dropped-raw-block-takes-no-line-in-the-container-that-holds-it-3.crv	1dff5443511276d7	bad6e279ef3e0b20	0	0	1
520-a-dropped-raw-block-takes-no-line-in-the-container-that-holds-it-4.crv	ec4432396129e083	decb1cb3dd226f83	0	0	2
520-a-dropped-raw-block-takes-no-line-in-the-container-that-holds-it-5.crv	90d022841201149c	3514f947e5f1d006	0	0	1
520-a-dropped-raw-block-takes-no-line-in-the-container-that-holds-it-6.crv	1ba8db49f0e70256	6947e68e9332907d	0	0	2
520-a-dropped-raw-block-takes-no-line-in-the-container-that-holds-it-7.crv	b18838ad5f7c5725	b7a12c05b0af66b8	0	0	0
520-a-dropped-raw-block-takes-no-line-in-the-container-that-holds-it-8.crv	f232c4369f065d0e	c81aa24cdaf36bf2	0	0	1
520-a-dropped-raw-block-takes-no-line-in-the-container-that-holds-it.crv	9bf5398d41c09955	6ce15e05fd3a77ed	0	0	1
521-a-zero-line-and-a-one-blank-raw-payload-are-not-the-same-block-2.crv	18da52c91ab929db	e5b395c7d32f9978	0	0	1
521-a-zero-line-and-a-one-blank-raw-payload-are-not-the-same-block-3.crv	743da0dd0ce4eaaf	ce47d87830510a3a	0	0	2
521-a-zero-line-and-a-one-blank-raw-payload-are-not-the-same-block-4.crv	a5fa261775554af6	eee5c9d140e6c5a3	0	0	2
521-a-zero-line-and-a-one-blank-raw-payload-are-not-the-same-block-5.crv	8518e7f953393bd7	d49a493623a58d2c	0	0	2
521-a-zero-line-and-a-one-blank-raw-payload-are-not-the-same-block-6.crv	7b3f18bdafc58382	c2f0ad04efd544f8	0	0	2
521-a-zero-line-and-a-one-blank-raw-payload-are-not-the-same-block-7.crv	6387d77b7e373ebb	e41483749f25df29	0	0	1
521-a-zero-line-and-a-one-blank-raw-payload-are-not-the-same-block-8.crv	a589f8cb7e310947	80dbd525c7a852c3	0	0	2
521-a-zero-line-and-a-one-blank-raw-payload-are-not-the-same-block-9.crv	56dd9fc5956bdd42	2e659f55aac32df2	0	0	1
521-a-zero-line-and-a-one-blank-raw-payload-are-not-the-same-block.crv	46272f842d6b9836	d0da693f59c608fb	0	0	1
522-an-emphasis-marker-does-not-pair-across-a-link-bracket-2.crv	5b4b5a8f73cf98cc	39a6182d557ba2f7	0	0	0
522-an-emphasis-marker-does-not-pair-across-a-link-bracket-3.crv	d5266b2e00cc2693	25127e2ea44d4e60	0	0	0
522-an-emphasis-marker-does-not-pair-across-a-link-bracket.crv	810e4dd6e8ff4ad2	778c60314d80b153	0	0	0
523-a-link-title-crosses-a-soft-wrap-and-an-attribute-value-does-not-2.crv	12c9fd891f3ec4b7	f98d79e99ccafd79	0	0	0
523-a-link-title-crosses-a-soft-wrap-and-an-attribute-value-does-not-3.crv	c13b5a44bf038933	0610e337f1791f74	0	0	0
523-a-link-title-crosses-a-soft-wrap-and-an-attribute-value-does-not-4.crv	e57538d2f9e8e9ce	e535c51c09faaf79	0	0	0
523-a-link-title-crosses-a-soft-wrap-and-an-attribute-value-does-not-5.crv	65bc78240c3680e6	441e8bc4b0adf9fc	0	0	0
523-a-link-title-crosses-a-soft-wrap-and-an-attribute-value-does-not-6.crv	20388b505b41e90d	0b36f69da2d566c6	1	0	0
523-a-link-title-crosses-a-soft-wrap-and-an-attribute-value-does-not.crv	4c8a6cf4a49f5d70	f98d79e99ccafd79	0	0	0
524-an-empty-code-payload-renders-no-characters-2.crv	6e732d508f7d0985	015f9f621b9fbcd5	0	0	1
524-an-empty-code-payload-renders-no-characters.crv	c3f0b67de8bef131	08b7748764a410d0	0	0	1
525-a-link-inside-a-span-s-label-keeps-its-destination-2.crv	06df616dfa5d809f	6e354ef6e71459df	0	0	0
525-a-link-inside-a-span-s-label-keeps-its-destination-3.crv	040dab84f633a87a	6b4121b87a1e1931	0	0	0
525-a-link-inside-a-span-s-label-keeps-its-destination-4.crv	661f7d76d9550877	97032df2b9f2ef7f	0	0	0
525-a-link-inside-a-span-s-label-keeps-its-destination-5.crv	999e3265aed63384	0a0f4a2df9277716	0	0	0
525-a-link-inside-a-span-s-label-keeps-its-destination-6.crv	bde20f8620c2c550	98767d0f4cb32ffe	0	0	0
525-a-link-inside-a-span-s-label-keeps-its-destination-7.crv	a4c98950aabc84db	4066584726a66b7e	0	0	0
525-a-link-inside-a-span-s-label-keeps-its-destination-8.crv	0b8e6476116572c1	9bc528caf3fe6e7f	0	0	0
525-a-link-inside-a-span-s-label-keeps-its-destination-9.crv	bdfe89eb9c3baec6	71b050fe153c4348	0	0	0
525-a-link-inside-a-span-s-label-keeps-its-destination.crv	d1bc86cd1523d5b2	0c6e0d5a2a9acb35	0	0	0
526-a-quoted-value-and-a-quoted-title-escape-different-sets-10.crv	3c1d312eac1bcaa9	58f3fa033c4672c2	0	0	0
526-a-quoted-value-and-a-quoted-title-escape-different-sets-2.crv	6c6d7ff296e02fef	69e1327e9c584697	0	0	0
526-a-quoted-value-and-a-quoted-title-escape-different-sets-3.crv	4c28ebeb5398d08e	8b7749ea2f3bfe10	0	0	0
526-a-quoted-value-and-a-quoted-title-escape-different-sets-4.crv	978d3a6bb576756e	8b7749ea2f3bfe10	0	0	0
526-a-quoted-value-and-a-quoted-title-escape-different-sets-5.crv	846daa987af71609	b288be84ed04e18a	0	0	0
526-a-quoted-value-and-a-quoted-title-escape-different-sets-6.crv	66461036d1f33fb4	5ad404aa4770944a	0	0	0
526-a-quoted-value-and-a-quoted-title-escape-different-sets-7.crv	92aad7a44e8b62d2	2d4a6b8b9b892b50	0	0	0
526-a-quoted-value-and-a-quoted-title-escape-different-sets-8.crv	c22f952126f39c18	c4e4d36b1b2586c2	0	0	0
526-a-quoted-value-and-a-quoted-title-escape-different-sets-9.crv	1c402ed1aadfb27e	51900771b32b549b	0	0	0
526-a-quoted-value-and-a-quoted-title-escape-different-sets.crv	156e6ef51b9b6ddf	69e1327e9c584697	0	0	0
527-a-tab-does-not-open-the-title-slot-2.crv	37b6a3b2ef68813a	2613271d029411e3	0	0	0
527-a-tab-does-not-open-the-title-slot-3.crv	81b0da29292b613a	d07615f3c54eb493	0	0	0
527-a-tab-does-not-open-the-title-slot.crv	5c6f030117620101	eab3809b3d512503	0	0	0
528-a-footnote-body-whose-every-block-renders-nothing-is-an-empty-body-2.crv	e4bcf03e5f2afb99	398938b0a9009f92	0	0	0
528-a-footnote-body-whose-every-block-renders-nothing-is-an-empty-body-3.crv	262141dc1373c67d	0d2fb6115d8099c6	0	0	0
528-a-footnote-body-whose-every-block-renders-nothing-is-an-empty-body-4.crv	bc9c10b598dc7f1e	1f447022eeac99f5	0	0	0
528-a-footnote-body-whose-every-block-renders-nothing-is-an-empty-body-5.crv	04c99d50780d3362	ac45473412c377c0	0	0	0
528-a-footnote-body-whose-every-block-renders-nothing-is-an-empty-body-6.crv	525d2e85afde8f04	9a5b029aeb7e3c5f	0	0	0
528-a-footnote-body-whose-every-block-renders-nothing-is-an-empty-body.crv	9f265655b0609080	eef907553f144d22	0	0	0
529-a-container-label-publishes-its-inline-run-10.crv	d0702bcfcf5f16e0	58eeed1987f13f58	0	0	1
529-a-container-label-publishes-its-inline-run-2.crv	754faf4dce1c1599	fdc766237b87fcbc	0	0	1
529-a-container-label-publishes-its-inline-run-3.crv	3dc1527a3b50700d	3066dd7ca2be5e9a	0	0	1
529-a-container-label-publishes-its-inline-run-4.crv	de250c0d8f085728	d680bc54a34ff2a6	0	0	1
529-a-container-label-publishes-its-inline-run-5.crv	d7517cd8a698dd1f	ce0c91a476d576c1	0	0	1
529-a-container-label-publishes-its-inline-run-6.crv	4234fa8b7f333e33	bd415a5d66acad22	0	0	1
529-a-container-label-publishes-its-inline-run-7.crv	0d4298cf7027f44d	2634eee9f4c9c0a3	0	0	1
529-a-container-label-publishes-its-inline-run-8.crv	8617d741ea893d16	a254c6f2e32ad797	0	0	1
529-a-container-label-publishes-its-inline-run-9.crv	6f83cba6f2f9c420	18aceb7fe3c1dfdd	0	0	1
529-a-container-label-publishes-its-inline-run.crv	1c53924859e6eee5	8f095109686374f4	0	0	1
53-table-doubled-alignment-marker.crv	6f76ffe4b0fac73d	c66af920cd1fc167	1	0	1
530-a-fence-after-a-footnote-quote-has-its-own-base-2.crv	97f8d9ae765b170d	0de2f4279c707e20	0	0	0
530-a-fence-after-a-footnote-quote-has-its-own-base-3.crv	253a53d7ce5f1ce1	440bd95e4c59d299	0	0	0
530-a-fence-after-a-footnote-quote-has-its-own-base-4.crv	87b4f1ca09f45cb3	f3fbd0deb838fd7e	0	0	0
530-a-fence-after-a-footnote-quote-has-its-own-base-5.crv	f18580456963d13e	19059723fae5e973	0	0	0
530-a-fence-after-a-footnote-quote-has-its-own-base-6.crv	91f4d7715efb044f	7c50c71981929b08	0	0	0
530-a-fence-after-a-footnote-quote-has-its-own-base-7.crv	85e264e1728e8214	5fe5dd467617b324	0	0	0
530-a-fence-after-a-footnote-quote-has-its-own-base-8.crv	b4d423df9f96ac2b	63d6444afd8befdb	0	0	0
530-a-fence-after-a-footnote-quote-has-its-own-base.crv	dc2fb539546286eb	05ce067e06b6673d	0	0	0
531-an-opener-under-a-quote-in-a-nested-host-opens-at-one-column-only-10.crv	34d4eab36d70361a	69cdec1487e7a1e4	1	0	1
531-an-opener-under-a-quote-in-a-nested-host-opens-at-one-column-only-11.crv	a6d98c5853df544a	5b2c198e4504989d	2	0	0
531-an-opener-under-a-quote-in-a-nested-host-opens-at-one-column-only-12.crv	bbf763a4eb952282	951c3ec096c8d034	2	0	0
531-an-opener-under-a-quote-in-a-nested-host-opens-at-one-column-only-13.crv	fcfad8da226e3644	035f8aa15b3141a5	2	0	1
531-an-opener-under-a-quote-in-a-nested-host-opens-at-one-column-only-2.crv	72b5fcd8dda3b311	473cb84fd7e4b488	2	0	1
531-an-opener-under-a-quote-in-a-nested-host-opens-at-one-column-only-3.crv	977364bebfd19811	f8d9893cd47e7e0f	1	0	1
531-an-opener-under-a-quote-in-a-nested-host-opens-at-one-column-only-4.crv	6132eef0c070727d	e3d2e00def4815b0	1	0	1
531-an-opener-under-a-quote-in-a-nested-host-opens-at-one-column-only-5.crv	6868a4369b7a79e4	626d918cd672b513	1	0	1
531-an-opener-under-a-quote-in-a-nested-host-opens-at-one-column-only-6.crv	bf0f003f4a294882	dc622510fe82e98b	1	0	1
531-an-opener-under-a-quote-in-a-nested-host-opens-at-one-column-only-7.crv	aa6d0aae72814cf8	89c92b6dca5d9221	1	0	1
531-an-opener-under-a-quote-in-a-nested-host-opens-at-one-column-only-8.crv	ef392622a5df3f66	17b9c0797db47ab5	1	0	1
531-an-opener-under-a-quote-in-a-nested-host-opens-at-one-column-only-9.crv	d4ab6061af6e448b	be365e500f4c9ee3	1	0	1
531-an-opener-under-a-quote-in-a-nested-host-opens-at-one-column-only.crv	4a4bb73a955f9c72	f327c2d9d6821daa	0	0	1
532-a-container-label-preserves-closed-inline-constructs-before-cutting-a-comment-2.crv	5eb06e139bb442a1	1a18f5edef0e45ae	0	0	1
532-a-container-label-preserves-closed-inline-constructs-before-cutting-a-comment-3.crv	7773293647f07244	101f4b71ac2bcc19	0	0	1
532-a-container-label-preserves-closed-inline-constructs-before-cutting-a-comment-4.crv	e942eaa200d40b5a	46db2d3b772a6f3b	0	0	1
532-a-container-label-preserves-closed-inline-constructs-before-cutting-a-comment-5.crv	e9ad1ff5a8649726	57adaa5950276746	0	0	1
532-a-container-label-preserves-closed-inline-constructs-before-cutting-a-comment.crv	2a2bb04481179666	be3da672293089ce	0	0	1
533-a-braced-span-cannot-close-beyond-its-bracket-run-10.crv	93f338d039b4663d	8278b36d2266a29b	0	0	0
533-a-braced-span-cannot-close-beyond-its-bracket-run-11.crv	fada45177a9b37bf	bf79d2171e71ab7d	0	0	0
533-a-braced-span-cannot-close-beyond-its-bracket-run-12.crv	504e9e71c3986078	1adc56bdf7c1d59e	0	0	0
533-a-braced-span-cannot-close-beyond-its-bracket-run-13.crv	6ea6e34eaf27c671	ad418c3ed0bfb3f1	0	0	0
533-a-braced-span-cannot-close-beyond-its-bracket-run-2.crv	c7a7f6bf81145e4c	526058b7c85a19e9	0	0	0
533-a-braced-span-cannot-close-beyond-its-bracket-run-3.crv	f2e7ccbaedc55770	ac18859b1180673c	0	0	0
533-a-braced-span-cannot-close-beyond-its-bracket-run-4.crv	a61a6165c029e6f8	ca0b6eb8d28903d7	0	0	0
533-a-braced-span-cannot-close-beyond-its-bracket-run-5.crv	7f6571de5c68429b	630707e1ef8d8152	0	0	0
533-a-braced-span-cannot-close-beyond-its-bracket-run-6.crv	f2a4141983661f33	9ee32b5011fe2fc8	0	0	0
533-a-braced-span-cannot-close-beyond-its-bracket-run-7.crv	2688bc5b1fd61383	546458fbf30c3df7	0	0	0
533-a-braced-span-cannot-close-beyond-its-bracket-run-8.crv	d9c95ef5ef7c2807	fe0a20b70d9a6050	0	0	0
533-a-braced-span-cannot-close-beyond-its-bracket-run-9.crv	265bd3b822ec26ac	7d203e2300cab809	0	0	0
533-a-braced-span-cannot-close-beyond-its-bracket-run.crv	cde90d711343ec5d	ff5163fc37e19bb5	0	0	0
534-quoted-values-and-titles-retain-a-non-punctuation-backslash-10.crv	19779b7c7bde16ef	853f538923f5ea64	0	0	0
534-quoted-values-and-titles-retain-a-non-punctuation-backslash-11.crv	040f19f9ea6fd5de	b3ecac51a4e9d682	0	0	0
534-quoted-values-and-titles-retain-a-non-punctuation-backslash-12.crv	30b51033bdf3c9b1	eee752f2319d7fd4	0	0	0
534-quoted-values-and-titles-retain-a-non-punctuation-backslash-2.crv	f58950ae801901b5	0d09fa35bbd75b04	0	0	0
534-quoted-values-and-titles-retain-a-non-punctuation-backslash-3.crv	8318359f307ea153	97c43d98a94a50a9	0	0	0
534-quoted-values-and-titles-retain-a-non-punctuation-backslash-4.crv	8299bbdc46a3ed74	853f538923f5ea64	0	0	0
534-quoted-values-and-titles-retain-a-non-punctuation-backslash-5.crv	4eeb8526f6272bfa	b3ecac51a4e9d682	0	0	0
534-quoted-values-and-titles-retain-a-non-punctuation-backslash-6.crv	ff837c94a7425f46	eee752f2319d7fd4	0	0	0
534-quoted-values-and-titles-retain-a-non-punctuation-backslash-7.crv	61761520eb9b9359	590e4122634ddb6f	0	0	0
534-quoted-values-and-titles-retain-a-non-punctuation-backslash-8.crv	f54c2fd57ac6f194	0d09fa35bbd75b04	0	0	0
534-quoted-values-and-titles-retain-a-non-punctuation-backslash-9.crv	e16ec5c20ec99b3a	97c43d98a94a50a9	0	0	0
534-quoted-values-and-titles-retain-a-non-punctuation-backslash.crv	ba7cd75e111bd8fd	590e4122634ddb6f	0	0	0
535-a-marker-line-opaque-quote-keeps-overindented-markers-literal-10.crv	adf7068cbc320839	5e5b881c5f695e6d	1	0	1
535-a-marker-line-opaque-quote-keeps-overindented-markers-literal-11.crv	d561b93cd7ee583f	201a5f5d99f294e6	0	0	1
535-a-marker-line-opaque-quote-keeps-overindented-markers-literal-12.crv	af453f33cda45502	ea25da87459a3644	1	0	1
535-a-marker-line-opaque-quote-keeps-overindented-markers-literal-13.crv	9ca2a287e463e8f1	c6635dfafa5b95d9	0	0	1
535-a-marker-line-opaque-quote-keeps-overindented-markers-literal-14.crv	3dae24bc6b3b685c	7562a9ede93a1ab5	1	0	1
535-a-marker-line-opaque-quote-keeps-overindented-markers-literal-15.crv	38eaeee6e4e236ea	226f2fc1b5aa458d	0	0	1
535-a-marker-line-opaque-quote-keeps-overindented-markers-literal-16.crv	1e02e50e020e57c4	80dbe2d69ba592e1	1	0	1
535-a-marker-line-opaque-quote-keeps-overindented-markers-literal-17.crv	a7a3f54cc4b55569	38954f6d9cf24eb5	0	0	1
535-a-marker-line-opaque-quote-keeps-overindented-markers-literal-18.crv	64314788f5fc2431	f2d026ac1714eb51	1	0	1
535-a-marker-line-opaque-quote-keeps-overindented-markers-literal-19.crv	17163c256c381b86	437cd27556377371	0	0	1
535-a-marker-line-opaque-quote-keeps-overindented-markers-literal-2.crv	797e1c91fa20ea90	5e5b881c5f695e6d	1	0	1
535-a-marker-line-opaque-quote-keeps-overindented-markers-literal-20.crv	e71ef6a347bf0cc8	b3bc166097fde45e	1	0	1
535-a-marker-line-opaque-quote-keeps-overindented-markers-literal-21.crv	28d81b9a6f7dcea4	dd02cb519e6700ad	0	0	1
535-a-marker-line-opaque-quote-keeps-overindented-markers-literal-22.crv	eedbfc5a8f1d1579	b406c2c71ffc499d	1	0	1
535-a-marker-line-opaque-quote-keeps-overindented-markers-literal-23.crv	e2e5bf936d90b40a	69e18360a76fa489	0	0	1
535-a-marker-line-opaque-quote-keeps-overindented-markers-literal-24.crv	0463af11e2b2cf3a	e22cb08a98b3d123	1	0	1
535-a-marker-line-opaque-quote-keeps-overindented-markers-literal-25.crv	0757ca194252454e	82a4ba28420ddf4b	0	0	1
535-a-marker-line-opaque-quote-keeps-overindented-markers-literal-26.crv	b4286763a566ed7f	93e4548a05c7c05f	0	0	1
535-a-marker-line-opaque-quote-keeps-overindented-markers-literal-27.crv	c84d65ba9826baad	a37f1fc9c482f838	0	0	1
535-a-marker-line-opaque-quote-keeps-overindented-markers-literal-28.crv	9841d1321917eea2	7859a767a5096b18	0	0	1
535-a-marker-line-opaque-quote-keeps-overindented-markers-literal-29.crv	d6dff473e310861a	62229e461a6144e8	0	0	1
535-a-marker-line-opaque-quote-keeps-overindented-markers-literal-3.crv	99e032a6cf37802b	1def490ecbc442b4	0	0	1
535-a-marker-line-opaque-quote-keeps-overindented-markers-literal-30.crv	d502035db1200768	0786a8dde48a7002	0	0	1
535-a-marker-line-opaque-quote-keeps-overindented-markers-literal-31.crv	bee0d258d90a9691	f19c9074e3f4ea82	1	0	1
535-a-marker-line-opaque-quote-keeps-overindented-markers-literal-32.crv	90821c31eb9768b6	a6d037773f920988	1	0	1
535-a-marker-line-opaque-quote-keeps-overindented-markers-literal-33.crv	19055e97d6ac319c	c7d79333162a4c85	0	0	1
535-a-marker-line-opaque-quote-keeps-overindented-markers-literal-34.crv	da79322098cbc390	c014fd67b0af02d6	0	0	1
535-a-marker-line-opaque-quote-keeps-overindented-markers-literal-35.crv	1d33478ec422da75	3e597f4e33141754	1	0	1
535-a-marker-line-opaque-quote-keeps-overindented-markers-literal-36.crv	743f91fe8c1a1a28	692d336a0f09c1ae	0	0	1
535-a-marker-line-opaque-quote-keeps-overindented-markers-literal-4.crv	887d2682d12c7c9d	70294c6fac08190a	1	0	1
535-a-marker-line-opaque-quote-keeps-overindented-markers-literal-5.crv	b427cd053705bf50	c6635dfafa5b95d9	0	0	1
535-a-marker-line-opaque-quote-keeps-overindented-markers-literal-6.crv	71940f601f947089	7562a9ede93a1ab5	1	0	1
535-a-marker-line-opaque-quote-keeps-overindented-markers-literal-7.crv	9c688044198d7200	226f2fc1b5aa458d	0	0	1
535-a-marker-line-opaque-quote-keeps-overindented-markers-literal-8.crv	d3bbe902e360c19e	80dbe2d69ba592e1	1	0	1
535-a-marker-line-opaque-quote-keeps-overindented-markers-literal-9.crv	a91090448f2bd4e2	7c2e89d9e498568a	0	0	1
535-a-marker-line-opaque-quote-keeps-overindented-markers-literal.crv	a86d12b4cdf0bef9	7c2e89d9e498568a	0	0	1
536-a-denied-destination-takes-one-render-loss-row-per-sink.crv	6265f3c5e4d9a02f	c59eba3e8364a2f9	0	0	0
537-invalid-named-container-metadata-keeps-the-subtree-2.crv	79b6cbc0c4fed550	c12104a497be3e32	2	0	2
537-invalid-named-container-metadata-keeps-the-subtree.crv	46d6dbb1506d5cce	562d820b720daa51	1	1	4
538-multiple-table-bodies-have-positional-source-metadata.crv	57e8bdb57c79a3f0	87774dc62f915747	0	0	1
539-empty-table-bodies-keep-their-source-boundaries.crv	be5d3eea7b034c6d	2f5bc7e2337b0b08	0	0	1
54-fenced-code-shorter-inner-fence.crv	f52aa416a4d736f3	270975342e4caf38	0	0	1
540-a-table-with-no-bodies-keeps-its-head-and-foot.crv	3b8fe96d899fbf00	72c6c1c80ec0b581	0	0	1
541-invalid-table-body-metadata-stays-ordinary-2.crv	fcf9c94b53df54ea	465fc3925760af11	0	0	1
541-invalid-table-body-metadata-stays-ordinary-3.crv	cf005e52e430272c	8a48d1d9b7fb782d	0	0	1
541-invalid-table-body-metadata-stays-ordinary-4.crv	902dccf65fa4a97f	7c636a6b863abaf2	0	0	1
541-invalid-table-body-metadata-stays-ordinary-5.crv	fccd4b0059c5cf9f	08db0a9b837db09a	0	0	1
541-invalid-table-body-metadata-stays-ordinary-6.crv	431e273de539b37e	39d2d6abf95bfc68	0	0	1
541-invalid-table-body-metadata-stays-ordinary.crv	ddf76c718dde03e7	b1599f5b0627eadc	0	0	1
542-a-span-across-bodies-keeps-their-header-semantics.crv	05c40b0bc1e55ae2	18d32eb583f8c568	0	0	1
543-a-head-and-foot-consuming-all-rows-leave-no-implicit-body.crv	5ed649819f9ab8af	9c5817f15486359d	0	0	1
544-explicit-body-counts-include-native-header-cells.crv	94e1d192506d7964	ddfb1c2b73526212	0	0	1
545-an-unreferenced-footnote-definition-takes-its-links-out-of-the-render.crv	28d7663d46a6b838	b25d312fd3d4f64f	1	0	0
546-every-name-lookup-compares-case-exactly-2.crv	2b64514140d694ec	a45321315c9a4a17	0	2	2
546-every-name-lookup-compares-case-exactly-3.crv	b1b9ce46a4f5b930	249720f7491da157	1	1	1
546-every-name-lookup-compares-case-exactly-4.crv	f8411ec0611c4b4d	c926b7bb0cabda58	1	0	0
546-every-name-lookup-compares-case-exactly-5.crv	8ec0712aeb048513	b58dba1b6ab28b90	2	0	4
546-every-name-lookup-compares-case-exactly.crv	11eebaa1965145c0	ace728bd90da2cd7	1	1	1
547-an-info-string-does-not-change-how-a-flush-left-fence-folds-into-a-description-body-2.crv	585a8a19a1d38e58	8c34ef305c82ce33	0	0	1
547-an-info-string-does-not-change-how-a-flush-left-fence-folds-into-a-description-body-3.crv	83b3b8d307c7077c	5ce2bbad3bce74c4	0	0	2
547-an-info-string-does-not-change-how-a-flush-left-fence-folds-into-a-description-body.crv	e5f0d1836207ee7e	6eaea732779fffa4	0	0	1
548-a-description-body-whose-own-block-is-a-fence-keeps-no-line-below-its-column.crv	0f2428772858d4df	cbfddc73768a0e50	0	0	1
55-blockquote-caption-after-a-blank-line.crv	5c6f906ee4bc629f	86c065f490dd443a	0	0	1
56-table-cell-escaped-pipe.crv	4a744c07c43447b8	96cefa084ce25ee2	0	0	1
57-table-cell-pipe-inside-code-span.crv	1a48409aa4f1839e	ebe9750733ad1378	0	0	1
58-abbreviation-matches-on-word-boundaries-only.crv	fb77b4596e6bba08	c6c7f336fa535737	0	0	0
59-mention-ignores-email-addresses.crv	c31c517e791f6199	e255797b1b526780	0	0	0
60-tag-requires-a-word-boundary-2.crv	f749d94210925ad4	25b07ec8debaaf8d	0	0	0
60-tag-requires-a-word-boundary.crv	d11b4fe870a68d63	108d954b98f3aa8e	0	0	0
61-table-stacked-rowspan.crv	54051f6d4c81dc24	2d994266b58e11ab	0	0	1
62-smart-typography-escapes-and-code.crv	a42bf288632aeb5b	996d99be9c2f217e	0	0	0
63-table-multi-line-cell-continuation.crv	d9b542163d121ab4	9b7b921b563b46dd	0	0	1
64-table-rowspan-with-multi-line-content.crv	f5907c553ac729f6	53777fb0724a0efb	0	0	1
65-ordered-marker-vs-prose.crv	d8e1360b24171914	ba77f394cbac37b3	0	0	0
66-footnote-with-multiple-blocks-2.crv	85664ae9063fc991	726787c93c05ce99	0	0	0
66-footnote-with-multiple-blocks.crv	21af2f84747cd542	8512283d0adbf70b	0	0	0
67-empty-delimiters.crv	1ddcc7a16215a783	f949fb158070dd95	0	0	0
68-nested-containers-2.crv	3382dd47ad0f57cf	945e4567d0811709	0	0	2
68-nested-containers-3.crv	6579f5c487b5f50c	483d3149563325f2	0	0	2
68-nested-containers-4.crv	4cf62a4f7c754d91	fcce0b231ba6966a	1	0	1
68-nested-containers-5.crv	40af93575561a6b8	bca112cf2e938553	2	0	3
68-nested-containers.crv	247c95fb77447508	ad8ff1167257d8a0	0	0	2
69-opaque-spans-inside-a-container-2.crv	b6a0100985e3e2fd	f1dc249ccea993d1	0	0	2
69-opaque-spans-inside-a-container-3.crv	c6d270fa2252f9e8	26cb4adf76888ad6	0	0	2
69-opaque-spans-inside-a-container-4.crv	44405b0ea28a88d6	ad883b8f7bcff7f9	0	0	2
69-opaque-spans-inside-a-container-5.crv	3b7691778c7a20ef	41a5760227c82367	0	0	2
69-opaque-spans-inside-a-container-6.crv	3c18672808741328	1ab245e1778d2b19	0	0	0
69-opaque-spans-inside-a-container.crv	befc4d72de121bb9	f1dc249ccea993d1	0	0	2
70-blocks-that-render-to-nothing-2.crv	c620efafe6c1e7f9	e2a6a0e5e7989449	0	0	1
70-blocks-that-render-to-nothing-3.crv	0c111ed9ca806d61	48ba8804bbdf03b1	0	0	1
70-blocks-that-render-to-nothing.crv	c314d5cf4216c813	ca344ff746ebcc8a	0	0	2
71-attribute-edge-cases-10.crv	4cf8e84d2e5fc4dc	e037bf4d7a221229	0	0	0
71-attribute-edge-cases-11.crv	ca2322ceef72e49f	76f3214e43d21386	0	0	0
71-attribute-edge-cases-12.crv	062d6450d8ef4c50	afea0d8e39baf8ba	0	0	0
71-attribute-edge-cases-13.crv	62ed399edffaf170	e4fd03032c027c40	0	1	1
71-attribute-edge-cases-14.crv	f6593dd687937d86	036fb04e1e5f0fba	0	1	1
71-attribute-edge-cases-15.crv	326a7e1260d72fec	fbe76350fe738e8b	0	0	0
71-attribute-edge-cases-16.crv	b6d31eb0a4cd30bd	352ab9acc55191bf	0	0	0
71-attribute-edge-cases-17.crv	80bf4cd6783dba21	058af26a685f98a5	0	0	0
71-attribute-edge-cases-18.crv	4791433210f0956c	0855e2cd57cefdc1	0	0	0
71-attribute-edge-cases-2.crv	5230aa8784acc0c3	f1441aab73f9e811	0	0	0
71-attribute-edge-cases-3.crv	e984a25d7232f86c	427ede987bcd5eb7	0	0	0
71-attribute-edge-cases-4.crv	1220246e1a6bb290	94c2a10cff7e939f	0	0	0
71-attribute-edge-cases-5.crv	1c993f6325de5739	be33b9de4a9ea9ff	0	0	0
71-attribute-edge-cases-6.crv	e5ce55ae49e4e288	5e992114767c4617	0	1	1
71-attribute-edge-cases-7.crv	3236a9111213dc2d	3be1e6f868df5cd8	0	0	1
71-attribute-edge-cases-8.crv	c0149204cd251d14	90067891125a2e28	0	0	0
71-attribute-edge-cases-9.crv	93b66b1449ba0d24	6dee5b20d1d4bde7	0	0	0
71-attribute-edge-cases.crv	8488c3e60c2c361a	48e7525d99c46c38	0	0	0
72-escape-coverage-2.crv	c1f319d8ce2638fd	355ab6bd8ae74666	0	0	0
72-escape-coverage.crv	3294008bf8d7df84	c6f576299286cf53	0	0	0
73-parenthesized-ordered-marker.crv	f3eec1709c8cc7c4	aebe9801f5dc2842	0	0	0
74-emphasis-edge-cases-2.crv	99793a6a9f618552	355ca521b6485e82	0	0	0
74-emphasis-edge-cases-3.crv	50efac1d6640ea6c	67911697474b62bb	0	0	0
74-emphasis-edge-cases-4.crv	f9b84994c34ef7e4	b0642cdf8ed3c1fd	0	0	0
74-emphasis-edge-cases.crv	6c9852941fc348de	3cb4dc4e194db430	0	0	0
75-list-nesting-and-looseness-2.crv	b4d1fb499b26924c	bf309bb9b3a32491	0	0	1
75-list-nesting-and-looseness-3.crv	2d5c6c4f54c2ac22	9e5886bd20c9dea4	0	0	1
75-list-nesting-and-looseness-4.crv	e52d8fa17bc6e93d	b1f3b2c52c7b6e29	0	0	1
75-list-nesting-and-looseness-5.crv	14bafb0551d7e3df	f4c993163edb3288	0	0	1
75-list-nesting-and-looseness-6.crv	82196431a78284ac	34e6a674aef86957	0	0	1
75-list-nesting-and-looseness-7.crv	e7763bb283c0a390	53cd019cc920c707	0	0	1
75-list-nesting-and-looseness-8.crv	2fddfd1de2681fef	ddbfb1ead8b4e8ff	0	0	1
75-list-nesting-and-looseness-9.crv	a8d0dc292f01c50f	3fcd4f19da601be3	0	0	1
75-list-nesting-and-looseness.crv	9b7240d86a4117c0	91c64d2ef6b6dd2e	0	0	1
76-doubled-emphasis-delimiters.crv	6c29a528efe54095	710c788ea6ab1409	3	0	0
77-nested-brackets-in-link-text.crv	d7ff1f0ccb719ecd	08b7b522b8106e33	0	0	0
78-reference-labels-are-case-sensitive.crv	47dc7e06f95cc144	a74bb52d7728194a	1	0	0
79-two-char-delimiter-runs.crv	f21d9aa9167387c0	ca82047b6f0c0359	1	0	0
80-trailing-attribute-block-edge-cases-2.crv	6d6c37beb9acf3d4	ea8c6e3489f76c8a	0	0	0
80-trailing-attribute-block-edge-cases-3.crv	d497de344402b25b	8bcb88bd6e39ea35	0	0	0
80-trailing-attribute-block-edge-cases.crv	5ca2d416b1872828	fc4ab1f28a0ca66c	0	0	0
81-paragraph-interruption-10.crv	2d89c29781702015	d27283f06dc65efe	0	0	0
81-paragraph-interruption-11.crv	bfc1968103447bdd	fafeed63e3d267bd	0	0	0
81-paragraph-interruption-12.crv	636bbf833723c35b	ed29b356dbe0a327	0	0	0
81-paragraph-interruption-13.crv	81ff2ec6a1c78076	4fdac50ec114ce02	0	0	0
81-paragraph-interruption-14.crv	1aff3a9b36556526	839813624c8f04ae	0	0	1
81-paragraph-interruption-15.crv	bb027e783c9988d2	0c047c88b3962dc2	0	0	1
81-paragraph-interruption-16.crv	15ffd1cf8cdb1f6a	e1164b6fbef4a70e	0	0	0
81-paragraph-interruption-17.crv	4007b25518ef2bdd	3b918de0ac40f174	0	0	0
81-paragraph-interruption-18.crv	f24ffad86db013bf	8554625266542e19	0	1	1
81-paragraph-interruption-19.crv	59effa96ecf3da30	a5c0c4b4814b44b1	0	0	0
81-paragraph-interruption-2.crv	3806b567fd1a2dd6	1a1b1ac86bf8ed0b	0	0	1
81-paragraph-interruption-20.crv	f81b6589c8e716f5	e9d74f92c9e321f1	1	0	1
81-paragraph-interruption-3.crv	a4e0df7c2278d481	b49c0392e52fc5ea	0	0	0
81-paragraph-interruption-4.crv	b90b25f4716709d2	15bbc0650b10f1bc	0	0	0
81-paragraph-interruption-5.crv	f8552a46cbdf7702	89ec5da66a571a1f	3	0	0
81-paragraph-interruption-6.crv	e9d0a5a67c652db3	4e59ded9d60571cb	0	0	0
81-paragraph-interruption-7.crv	634718ec32a84bf7	5a96045509f21195	0	0	0
81-paragraph-interruption-8.crv	cf27aa26fb37026f	c8e2d30d14a559fe	0	0	0
81-paragraph-interruption-9.crv	ba969e20d640d394	89c7febd5cdd5ce8	0	0	0
81-paragraph-interruption.crv	6bbc63b19a0b6c87	1f25dabe6e062a3e	0	1	1
82-blockquote-lazy-continuation-2.crv	a4718f0b772d9e16	cc9c4d956bfe8211	0	0	1
82-blockquote-lazy-continuation-3.crv	d2d410a103106376	043228fa2dcabc94	0	1	1
82-blockquote-lazy-continuation-4.crv	9fd420d27a7518f0	0340655fefec7d95	0	1	1
82-blockquote-lazy-continuation-5.crv	4383f4c0325beb7b	5f60dc7f79af0112	0	0	0
82-blockquote-lazy-continuation-6.crv	13056c8159abbf78	ac0c720f67bee49b	0	0	0
82-blockquote-lazy-continuation.crv	cb2e89eda276ae5e	c0acfff500ef54b6	0	0	1
83-fenced-code-language-with-punctuation.crv	e299d3d2901ac718	d34b7c4797dc249e	0	0	1
84-single-line-headings-10.crv	f59397696ad1bda3	50ae0840124150f9	0	0	2
84-single-line-headings-2.crv	bb53c4a9716d3c28	40ce50cb2ed4a9b0	0	3	1
84-single-line-headings-3.crv	aa80273f5b369900	787948f265fa1228	0	1	1
84-single-line-headings-4.crv	496a8df7ea9a70ee	365f98f8bce947c5	0	1	1
84-single-line-headings-5.crv	95797bf10b82e7a1	9ad54b96112eb1c0	0	0	0
84-single-line-headings-6.crv	64075dff10bebed8	0c9f0cadf3485cdd	0	1	1
84-single-line-headings-7.crv	ab62bfdb5eb8b586	6043a41cba400bee	0	1	1
84-single-line-headings-8.crv	bab5828afd860254	866955f21f82fa30	0	1	1
84-single-line-headings-9.crv	356dcafec6498aa3	5b1a50c9f988e7db	0	1	1
84-single-line-headings.crv	900b362e3610f621	09fccd64f258983d	0	1	1
85-blockquote-lazy-continuation-stops-at-a-fenced-block-2.crv	f3677aae815b04f8	cc3f8402ae105e7a	0	0	1
85-blockquote-lazy-continuation-stops-at-a-fenced-block-3.crv	d030e0e64972512c	ac798072e9f41197	0	0	0
85-blockquote-lazy-continuation-stops-at-a-fenced-block.crv	5e2ee98855186395	31b64c68fc88c648	0	0	2
86-list-lazy-continuation-10.crv	438a22cbce49d8d5	d339750264325c37	0	0	1
86-list-lazy-continuation-2.crv	824f492481f4c3b3	ef2cbd88b6d68a12	0	1	1
86-list-lazy-continuation-3.crv	16b719a223006bd2	8bf5acb10acbbc7f	0	0	1
86-list-lazy-continuation-4.crv	e0c56c0f857656aa	5ef2e0300f348c30	0	0	1
86-list-lazy-continuation-5.crv	d579e7cf947c512a	ff17c5301e95e041	0	0	1
86-list-lazy-continuation-6.crv	13c2d277ff276659	11ee300d0bf04047	0	0	1
86-list-lazy-continuation-7.crv	a2ef12a4bf6f8cc2	83b6997440202227	0	0	1
86-list-lazy-continuation-8.crv	4084e7acef9e1890	0df16470ba7755fa	0	0	1
86-list-lazy-continuation-9.crv	7aece0014d1e518e	fc76e1284a3f2559	0	0	1
86-list-lazy-continuation.crv	ebdb97934857a393	d3d3101db4ce160e	0	0	1
87-compact-list-blocks-10.crv	c8030a4c11133aa9	6ba04f043548353e	2	0	0
87-compact-list-blocks-2.crv	fd4e7815e7610ca1	c054a8d3f6775a0f	0	0	1
87-compact-list-blocks-3.crv	c72ae7da90245b9f	713eabbd9f0c22d7	0	0	1
87-compact-list-blocks-4.crv	a28e511c21ff9f7a	cef7c560d5e28be5	0	0	1
87-compact-list-blocks-5.crv	510316e486a2cba6	4785867f9b31dbea	0	0	0
87-compact-list-blocks-6.crv	98138a8349fe2d79	dd2cd9f725531ddc	0	0	1
87-compact-list-blocks-7.crv	05572821bde48e6b	24f5bd6488b6e19b	0	0	1
87-compact-list-blocks-8.crv	78144c4e111217df	f40453a67b27ebbd	0	0	1
87-compact-list-blocks-9.crv	a9fcfc74861d61fe	22d6d532e4b2e067	1	0	0
87-compact-list-blocks.crv	a239bb557d0e6324	1c45c0c38de4b1af	0	0	1
88-list-continuation-marker-2.crv	f3d6eede4264a633	c28f272f328722a8	0	0	1
88-list-continuation-marker-3.crv	95359d5c44634524	b0a1ebaa7e52a471	0	0	1
88-list-continuation-marker-4.crv	a0ac98a754405033	b69d5a511d999546	2	0	0
88-list-continuation-marker-5.crv	9d8dcd9fa1e5ec4b	a607040d800655fb	0	0	1
88-list-continuation-marker-6.crv	4d527fc1e1dac329	fbb85750326b40f5	0	0	1
88-list-continuation-marker.crv	b896b00fa7816260	41e01c1c49ac8453	0	0	1
89-block-attribute-lines-2.crv	68ccbeb39b47e1c6	6b719b83ef9043ef	0	0	0
89-block-attribute-lines-3.crv	06641c1a7fb92e65	4d90517a946406a6	0	0	0
89-block-attribute-lines-4.crv	fe26a071ba16e6b4	3ce713e9d15ab9be	0	0	1
89-block-attribute-lines-5.crv	52d52c57384df7fa	5763146a32e29cf2	0	0	0
89-block-attribute-lines-6.crv	7f5db6d7c10b0e5a	ad96d47d54998f7d	1	0	0
89-block-attribute-lines-7.crv	fc8237f0f554c216	ae372345e1c8dfe5	0	0	0
89-block-attribute-lines.crv	4e59ae98f7a1a127	aef5008b3fe3cdde	0	0	0
90-list-item-attributes-2.crv	613feca7bcd486e9	e1e568e9be7bc8ba	0	0	0
90-list-item-attributes-3.crv	1723e9a7974e99bf	deb259f1b0d29b7c	0	0	0
90-list-item-attributes-4.crv	d844508526c5cfbc	80dbb9394748185a	0	0	0
90-list-item-attributes-5.crv	d8fa7b4db1cd9022	64c0402926cf78b6	0	0	0
90-list-item-attributes-6.crv	baeafd831a4636e8	d6766f17b4d2f27f	0	0	0
90-list-item-attributes-7.crv	7997c59ef8795cc3	858fb3ae4cad1681	1	0	0
90-list-item-attributes-8.crv	21c553d19af7ede2	faf50f77b0d993b4	0	0	0
90-list-item-attributes.crv	b8f8d4bf1a61c6bf	8c6bef2a525ccad9	0	0	1
91-mention-and-tag-name-boundaries.crv	bcde3590931a3f34	35eeb22451148cb4	0	0	0
92-superscript-in-a-table-cell-2.crv	ecf632a9dc611925	dda6e61d1e632bae	1	0	1
92-superscript-in-a-table-cell.crv	e0df5891221aa6fe	cdbaaab51c563ee7	0	0	1
93-nested-comment-fences.crv	5483e86af71ad697	cd55a56b7bb13f50	0	0	1
94-strong-emphasis-starting-with-a-link.crv	78ab6b81de94a5de	3f4a2b412823e5d2	0	0	0
95-abbreviation-definition-interrupts-a-paragraph.crv	1a56edad1d4d65ce	08f519e70960b623	0	0	0
96-literal-less-than-in-prose.crv	d5d7efca621fb2e9	994474f000bb28e4	0	0	0
97-boolean-attributes-2.crv	35ea9e3033788c4e	af1e72a84906852a	0	0	0
97-boolean-attributes.crv	279b36bc776c78e8	bded2622b0cbdbb3	0	0	0
98-table-span-marker-in-first-column.crv	d97b93d50d3c33c2	cb4f5bb32ed48cb1	0	0	1
99-table-cell-attributes.crv	7aecefe2c3cc8166	1d3c858f7cde3e4e	0	0	1
